# Blender v3.0.0 OBJ File: 'books.blend'
# www.blender.org
mtllib books.mtl
o book_Cube
v 0.708485 -0.169153 1.000000
v 0.708485 0.000000 1.000000
v -0.666057 0.000000 1.000000
v -0.623320 -0.149515 1.000000
v 0.708485 -0.149515 1.000000
v -0.646802 -0.169153 1.000000
v -0.689539 0.000000 1.000000
v 0.708485 -0.049838 -0.971974
v 0.708485 -0.049838 0.968000
v 0.708485 -0.099677 -0.971974
v 0.708485 -0.099677 0.968000
v -0.683773 -0.056384 0.968000
v 0.721606 -0.149515 1.026995
v 0.721606 -0.169153 1.026995
v -0.689539 0.000000 1.026995
v -0.666057 0.000000 1.026995
v -0.623320 -0.149515 1.026995
v -0.646802 -0.169153 1.026995
v -0.683773 -0.056384 -0.971974
v -0.672707 -0.112769 0.968000
v -0.660291 -0.049838 1.000000
v -0.649225 -0.099677 1.000000
v -0.672707 -0.112769 1.000000
v -0.683773 -0.056384 1.000000
v -0.672707 -0.112769 -0.971974
v 0.721606 -0.169153 0.994131
v 0.721606 -0.169153 -0.998213
v 0.721606 -0.149515 -0.998213
v -0.660291 -0.049838 1.026995
v -0.649225 -0.099677 1.026995
v 0.708485 -0.049838 1.000000
v 0.708485 -0.099677 1.000000
v -0.672707 -0.112769 1.026995
v -0.683773 -0.056384 1.026995
v -0.655575 0.000000 1.000000
v -0.636552 -0.169153 1.026995
v -0.613397 -0.149515 1.026995
v -0.636587 -0.169153 1.000000
v -0.613432 -0.149515 1.000000
v 0.721606 -0.149515 0.994131
v -0.638977 -0.099677 1.000000
v -0.649889 -0.049838 1.000000
v 0.708485 -0.169153 -1.000000
v 0.708485 0.000000 -1.000000
v -0.666057 0.000000 -1.000000
v -0.623320 -0.149515 -1.000000
v 0.708485 -0.149515 -1.000000
v -0.646802 -0.169153 -1.000000
v -0.689539 0.000000 -1.000000
v 0.721606 -0.149515 -1.026995
v 0.721606 -0.169153 -1.026995
v -0.689539 0.000000 -1.026995
v -0.666057 0.000000 -1.026995
v -0.623320 -0.149515 -1.026995
v -0.646802 -0.169153 -1.026995
v -0.660291 -0.049838 -1.000000
v -0.649225 -0.099677 -1.000000
v -0.672707 -0.112769 -1.000000
v -0.683773 -0.056384 -1.000000
v -0.660291 -0.049838 -1.026995
v -0.649225 -0.099677 -1.026995
v 0.708485 -0.049838 -1.000000
v 0.708485 -0.099677 -1.000000
v -0.672707 -0.112769 -1.026995
v -0.683773 -0.056384 -1.026995
v -0.655575 0.000000 -1.000000
v -0.636552 -0.169153 -1.026995
v -0.613397 -0.149515 -1.026995
v -0.636587 -0.169153 -1.000000
v -0.613432 -0.149515 -1.000000
v -0.638977 -0.099677 -1.000000
v -0.649889 -0.049838 -1.000000
v 0.708485 0.169153 1.000000
v -0.623320 0.149515 1.000000
v 0.708485 0.149515 1.000000
v -0.646802 0.169153 1.000000
v 0.708485 -0.149515 -0.971974
v 0.708485 -0.149515 0.968000
v -0.646802 -0.169153 0.968000
v 0.721606 0.149515 1.026995
v 0.721606 0.169153 1.026995
v -0.623320 0.149515 1.026995
v -0.646802 0.169153 1.026995
v -0.646802 -0.169153 -0.971974
v -0.689539 0.000000 0.968000
v -0.660291 0.049838 1.000000
v -0.649225 0.099677 1.000000
v -0.672707 0.112769 1.000000
v -0.683773 0.056384 1.000000
v -0.689539 0.000000 -0.971974
v 0.708485 -0.169153 0.968000
v 0.708485 -0.169153 -0.971974
v 0.708485 0.000000 -0.971974
v -0.660291 0.049838 1.026995
v -0.649225 0.099677 1.026995
v 0.708485 0.049838 1.000000
v 0.708485 0.099677 1.000000
v -0.672707 0.112769 1.026995
v -0.683773 0.056384 1.026995
v -0.636552 0.169153 1.026995
v -0.613397 0.149515 1.026995
v -0.636587 0.169153 1.000000
v -0.613432 0.149515 1.000000
v 0.708485 0.000000 0.968000
v -0.638977 0.099677 1.000000
v -0.649889 0.049838 1.000000
v 0.708485 0.169153 -1.000000
v -0.623320 0.149515 -1.000000
v 0.708485 0.149515 -1.000000
v -0.646802 0.169153 -1.000000
v 0.721606 0.149515 -1.026995
v 0.721606 0.169153 -1.026995
v -0.623320 0.149515 -1.026995
v -0.646802 0.169153 -1.026995
v -0.660291 0.049838 -1.000000
v -0.649225 0.099677 -1.000000
v -0.672707 0.112769 -1.000000
v -0.683773 0.056384 -1.000000
v -0.660291 0.049838 -1.026995
v -0.649225 0.099677 -1.026995
v 0.708485 0.049838 -1.000000
v 0.708485 0.099677 -1.000000
v -0.672707 0.112769 -1.026995
v -0.683773 0.056384 -1.026995
v -0.636552 0.169153 -1.026995
v -0.613397 0.149515 -1.026995
v -0.636587 0.169153 -1.000000
v -0.613432 0.149515 -1.000000
v -0.638977 0.099677 -1.000000
v -0.649889 0.049838 -1.000000
v -0.636587 -0.169153 0.968000
v -0.636587 -0.169153 -0.971974
v 0.708485 0.169153 -0.971974
v 0.708485 0.169153 0.968000
v -0.646802 0.169153 -0.971974
v -0.646802 0.169153 0.968000
v 0.708485 0.149515 0.968000
v 0.708485 0.149515 -0.971974
v 0.721606 0.149515 0.994131
v 0.721606 0.149515 -0.998213
v 0.721606 0.169153 -0.998213
v 0.721606 0.169153 0.994131
v -0.672707 0.112769 -0.971974
v -0.672707 0.112769 0.968000
v -0.683773 0.056384 -0.971974
v -0.683773 0.056384 0.968000
v 0.708485 0.099677 0.968000
v 0.708485 0.099677 -0.971974
v 0.708485 0.049838 0.968000
v 0.708485 0.049838 -0.971974
v -0.636587 0.169153 0.968000
v -0.636587 0.169153 -0.971974
v 0.707404 -0.169153 1.026995
v 0.694420 -0.169153 1.000000
v 0.694221 0.000000 1.000000
v 0.707646 -0.149515 1.026995
v 0.694662 -0.149515 1.000000
v 0.694395 -0.099677 1.000000
v 0.694281 -0.049838 1.000000
v 0.707404 -0.169153 -1.026995
v 0.694420 -0.169153 -1.000000
v 0.694221 0.000000 -1.000000
v 0.707646 -0.149515 -1.026995
v 0.694662 -0.149515 -1.000000
v 0.694395 -0.099677 -1.000000
v 0.694281 -0.049838 -1.000000
v 0.707404 0.169153 1.026995
v 0.694420 0.169153 1.000000
v 0.707646 0.149515 1.026995
v 0.694662 0.149515 1.000000
v 0.694395 0.099677 1.000000
v 0.694281 0.049838 1.000000
v 0.707404 0.169153 -1.026995
v 0.694420 0.169153 -1.000000
v 0.707646 0.149515 -1.026995
v 0.694662 0.149515 -1.000000
v 0.694395 0.099677 -1.000000
v 0.694281 0.049838 -1.000000
v 0.694420 0.169153 0.968000
v 0.694420 0.169153 -0.971974
v 0.694420 -0.169153 0.968000
v 0.694420 -0.169153 -0.971974
vt 0.903459 0.364266
vt 0.903534 0.351221
vt 0.910175 0.351227
vt 0.910095 0.364278
vt 0.933086 0.296360
vt 0.933086 0.290489
vt 0.943528 0.290488
vt 0.943528 0.296360
vt 0.943535 0.994103
vt 0.953976 0.995295
vt 0.953976 0.997491
vt 0.943535 0.996283
vt 0.470624 0.357333
vt 0.470667 0.354640
vt 0.477828 0.354946
vt 0.477248 0.357569
vt 0.910203 0.303699
vt 0.910133 0.290648
vt 0.915930 0.290630
vt 0.915871 0.303711
vt 0.903563 0.303696
vt 0.910206 0.315681
vt 0.903564 0.315677
vt 0.473853 0.330600
vt 0.473852 0.320292
vt 0.478295 0.320315
vt 0.478481 0.330789
vt 0.483417 0.353230
vt 0.484126 0.351399
vt 0.468364 0.330893
vt 0.468256 0.320258
vt 0.911954 0.008207
vt 0.911974 0.005246
vt 0.917665 0.002497
vt 0.917647 0.005487
vt 0.500516 0.290408
vt 0.494704 0.290397
vt 0.494707 0.288106
vt 0.500519 0.288112
vt 0.055369 0.631004
vt 0.049734 0.630275
vt 0.054597 0.628110
vt 0.060108 0.628827
vt 0.498722 0.005224
vt 0.493194 0.002477
vt 0.910772 0.002489
vt 0.905263 0.005239
vt 0.910199 0.327464
vt 0.903558 0.327460
vt 0.469337 0.341864
vt 0.475005 0.341193
vt 0.480135 0.341011
vt 0.922645 0.296360
vt 0.922645 0.290489
vt 0.953970 0.290488
vt 0.953970 0.296360
vt 0.915829 0.315690
vt 0.915811 0.327468
vt 0.922651 0.986465
vt 0.933093 0.991817
vt 0.933093 0.993964
vt 0.922651 0.988537
vt 0.051455 0.634711
vt 0.045661 0.633974
vt 0.498741 0.008182
vt 0.492867 0.008189
vt 0.492848 0.005231
vt 0.933090 0.712461
vt 0.943532 0.712485
vt 0.922648 0.712405
vt 0.910128 0.288357
vt 0.915935 0.288413
vt 0.443922 0.632634
vt 0.439962 0.629357
vt 0.435299 0.627356
vt 0.953974 0.712497
vt 0.500427 0.303454
vt 0.494611 0.303449
vt 0.437649 0.024488
vt 0.431690 0.023727
vt 0.436158 0.021659
vt 0.442251 0.022437
vt 0.943525 0.005897
vt 0.943525 0.003718
vt 0.953967 0.002509
vt 0.953967 0.004706
vt 0.016309 0.352620
vt 0.009634 0.352843
vt 0.009048 0.350194
vt 0.016292 0.349902
vt 0.488945 0.303451
vt 0.488907 0.290376
vt 0.910092 0.366569
vt 0.903456 0.366563
vt 0.013375 0.325689
vt 0.008705 0.325792
vt 0.009102 0.315244
vt 0.013582 0.315315
vt 0.003391 0.348458
vt 0.002676 0.346603
vt 0.018896 0.326083
vt 0.019214 0.315399
vt 0.487178 0.005472
vt 0.487160 0.002484
vt 0.964415 0.709509
vt 0.964415 0.702804
vt 0.974857 0.702804
vt 0.974857 0.709509
vt 0.494582 0.350975
vt 0.494574 0.338994
vt 0.500391 0.338998
vt 0.500398 0.350978
vt 0.500482 0.366320
vt 0.500477 0.364024
vt 0.012034 0.336344
vt 0.017739 0.337099
vt 0.006850 0.336085
vt 0.073881 0.019326
vt 0.069617 0.017145
vt 0.494579 0.327211
vt 0.488966 0.327208
vt 0.488966 0.315429
vt 0.494589 0.315429
vt 0.922642 0.013535
vt 0.922642 0.011464
vt 0.933084 0.006036
vt 0.933084 0.008183
vt 0.964411 0.296360
vt 0.974853 0.296360
vt 0.903497 0.290652
vt 0.933086 0.287537
vt 0.943528 0.287512
vt 0.922645 0.287593
vt 0.488903 0.288159
vt 0.045219 0.630988
vt 0.049314 0.627374
vt 0.054196 0.625229
vt 0.953969 0.287500
vt 0.903549 0.339242
vt 0.492852 0.649446
vt 0.498729 0.649452
vt 0.493197 0.652201
vt 0.487160 0.652195
vt 0.964411 0.290488
vt 0.974853 0.290488
vt 0.964418 0.994103
vt 0.964418 0.996283
vt 0.471314 0.283946
vt 0.477563 0.283769
vt 0.478089 0.286265
vt 0.471296 0.286386
vt 0.915841 0.351220
vt 0.915891 0.364296
vt 0.910191 0.339246
vt 0.473974 0.310022
vt 0.478566 0.309872
vt 0.483448 0.287942
vt 0.484127 0.289712
vt 0.468537 0.309664
vt 0.911963 0.646476
vt 0.917652 0.649193
vt 0.917670 0.652180
vt 0.911982 0.649434
vt 0.494671 0.366318
vt 0.494665 0.364027
vt 0.068888 0.019747
vt 0.064514 0.017573
vt 0.475223 0.299573
vt 0.469691 0.298837
vt 0.480242 0.299781
vt 0.985294 0.290488
vt 0.985294 0.296360
vt 0.915813 0.339244
vt 0.985301 0.986465
vt 0.985301 0.988536
vt 0.974860 0.993964
vt 0.974860 0.991817
vt 0.060932 0.014124
vt 0.066175 0.013663
vt 0.498747 0.646491
vt 0.492871 0.646485
vt 0.974857 0.712461
vt 0.964415 0.712485
vt 0.985299 0.712404
vt 0.915896 0.366513
vt 0.446511 0.021750
vt 0.442620 0.025169
vt 0.438001 0.027202
vt 0.905275 0.649443
vt 0.910780 0.652189
vt 0.905256 0.646485
vt 0.964408 0.005897
vt 0.964408 0.003717
vt 0.017362 0.278621
vt 0.017281 0.281210
vt 0.010309 0.280691
vt 0.010990 0.278160
vt 0.488867 0.364048
vt 0.488915 0.350968
vt 0.439853 0.018148
vt 0.013690 0.304962
vt 0.009049 0.304703
vt 0.004747 0.282106
vt 0.003959 0.283881
vt 0.019187 0.304738
vt 0.487178 0.649205
vt 0.985299 0.702804
vt 0.953974 0.702804
vt 0.953974 0.709509
vt 0.018343 0.293805
vt 0.012709 0.294360
vt 0.007589 0.294415
vt 0.500396 0.327215
vt 0.446121 0.018937
vt 0.488950 0.338987
vt 0.985292 0.013535
vt 0.974850 0.008183
vt 0.974850 0.006036
vt 0.985292 0.011463
vt 0.974853 0.287536
vt 0.964411 0.287512
vt 0.985294 0.287592
vt 0.488864 0.366265
vt 0.060344 0.016926
vt 0.063954 0.020298
vt 0.068350 0.022454
vt 0.985299 0.709508
vt 0.905244 0.008199
vt 0.443504 0.635586
vt 0.437404 0.636397
vt 0.433640 0.632994
vt 0.439568 0.632230
vt 0.943532 0.709509
vt 0.943532 0.702804
vt 0.922648 0.709509
vt 0.922648 0.702805
vt 0.933090 0.702805
vt 0.933090 0.709509
vt 0.500406 0.315432
vt 0.429134 0.630957
vt 0.434926 0.630209
vt 0.903492 0.288355
vn -0.5397 0.8419 0.0000
vn -0.9516 0.3072 0.0000
vn 1.0000 0.0000 0.0000
vn 0.7071 0.0000 -0.7071
vn 0.0000 0.0000 1.0000
vn 0.7312 0.0000 0.6821
vn 0.7084 0.1193 0.6956
vn 0.0000 0.7071 0.7071
vn 0.4125 0.6794 0.6068
vn 0.2780 0.4578 0.8444
vn -0.9516 -0.3072 0.0000
vn -0.5397 -0.8419 0.0000
vn -0.4303 -0.6713 0.6034
vn -0.6965 -0.2248 0.6814
vn -0.9891 -0.1473 0.0000
vn 0.6854 0.1154 0.7189
vn 0.6792 0.0000 0.7339
vn -0.7286 0.0000 0.6849
vn -0.7093 -0.1056 0.6969
vn 0.0000 -0.7071 0.7071
vn 0.0000 -1.0000 0.0000
vn 0.5773 -0.5773 0.5773
vn 0.7071 0.7071 0.0000
vn 0.5773 0.5773 -0.5773
vn 0.3015 0.9045 -0.3015
vn 0.7071 -0.7071 0.0000
vn -1.0000 0.0000 0.0000
vn 0.6899 0.2510 0.6789
vn 0.6345 0.2308 0.7376
vn 0.5773 -0.5773 -0.5773
vn 0.3015 -0.9045 0.3015
vn 0.0000 0.0000 -1.0000
vn 0.7084 0.1193 -0.6956
vn 0.7312 0.0000 -0.6821
vn 0.0000 0.7071 -0.7071
vn 0.2780 0.4578 -0.8444
vn 0.4125 0.6794 -0.6068
vn -0.6965 -0.2248 -0.6814
vn -0.4303 -0.6713 -0.6034
vn 0.0000 1.0000 0.0000
vn 0.6854 0.1154 -0.7189
vn -0.7093 -0.1056 -0.6969
vn -0.7286 0.0000 -0.6849
vn 0.6792 0.0000 -0.7339
vn 0.0000 -0.7071 -0.7071
vn 0.7071 0.0000 0.7071
vn -0.9891 0.1473 0.0000
vn 0.6345 0.2308 -0.7376
vn 0.6899 0.2510 -0.6789
vn 0.7084 -0.1193 0.6956
vn 0.2780 -0.4578 0.8444
vn 0.4125 -0.6794 0.6068
vn -0.6965 0.2248 0.6814
vn -0.4303 0.6713 0.6034
vn 0.6854 -0.1154 0.7189
vn -0.7093 0.1056 0.6969
vn 0.5773 0.5773 0.5773
vn 0.3015 -0.9045 -0.3015
vn 0.6345 -0.2308 0.7376
vn 0.6899 -0.2510 0.6789
vn 0.7084 -0.1193 -0.6956
vn 0.4125 -0.6794 -0.6068
vn 0.2780 -0.4578 -0.8444
vn -0.4303 0.6713 -0.6034
vn -0.6965 0.2248 -0.6814
vn 0.6854 -0.1154 -0.7189
vn -0.7093 0.1056 -0.6969
vn 0.6899 -0.2510 -0.6789
vn 0.6345 -0.2308 -0.7376
vn 0.3015 0.9045 0.3015
usemtl book
s 1
f 136/1/1 144/2/2 88/3/2 76/4/1
f 10/5/3 63/6/4 62/7/4 8/8/3
f 42/9/5 35/10/5 3/11/6 21/12/7
f 39/13/8 4/14/9 17/15/10 37/16/8
f 23/17/11 6/18/12 18/19/13 33/20/14
f 20/21/11 23/17/11 24/22/15 12/23/15
f 29/24/16 16/25/17 15/26/18 34/27/19
f 36/28/20 37/16/8 17/15/10 18/29/13
f 21/30/7 3/31/6 16/25/17 29/24/16
f 154/32/21 1/33/21 14/34/22 153/35/20
f 84/36/12 48/37/12 69/38/21 132/39/21
f 28/40/23 50/41/24 47/42/25 77/43/23
f 92/44/21 27/45/26 26/46/26 91/47/21
f 12/23/15 24/22/15 7/48/27 85/49/27
f 4/14/9 22/50/28 30/51/29 17/15/10
f 22/50/28 21/30/7 29/24/16 30/51/29
f 17/15/10 30/51/29 33/52/14 18/29/13
f 30/51/29 29/24/16 34/27/19 33/52/14
f 77/53/23 47/54/25 63/6/4 10/5/3
f 8/8/3 62/7/4 44/55/4 93/56/3
f 7/48/27 24/22/15 34/57/19 15/58/18
f 24/22/15 23/17/11 33/20/14 34/57/19
f 39/59/8 41/60/5 22/61/28 4/62/9
f 41/60/5 42/9/5 21/12/7 22/61/28
f 27/63/26 51/64/30 50/41/24 28/40/23
f 182/65/21 161/66/21 43/67/21 92/44/21
f 158/68/5 159/69/5 42/9/5 41/60/5
f 157/70/8 158/68/5 41/60/5 39/59/8
f 6/18/12 38/71/21 36/72/20 18/19/13
f 153/73/20 156/74/8 37/16/8 36/28/20
f 157/75/8 39/13/8 37/16/8 156/74/8
f 159/69/5 155/76/5 35/10/5 42/9/5
f 91/47/21 26/46/26 14/34/22 1/33/21
f 48/37/12 84/36/12 25/77/11 58/78/11
f 75/79/31 137/80/26 139/81/26 80/82/22
f 72/83/32 56/84/33 45/85/34 66/86/32
f 70/87/35 68/88/35 54/89/36 46/90/37
f 58/78/11 64/91/38 55/92/39 48/37/12
f 102/93/40 151/94/40 136/1/1 76/4/1
f 60/95/41 65/96/42 52/97/43 53/98/44
f 67/99/45 55/100/39 54/89/36 68/88/35
f 56/101/33 60/95/41 53/98/44 45/102/34
f 161/66/21 160/103/45 51/104/30 43/67/21
f 96/105/46 149/106/3 147/107/3 97/108/46
f 117/109/2 118/110/47 145/111/47 143/112/2
f 151/94/40 152/113/40 135/114/1 136/1/1
f 46/90/37 54/89/36 61/115/48 57/116/49
f 57/116/49 61/115/48 60/95/41 56/101/33
f 54/89/36 55/100/39 64/117/38 61/115/48
f 61/115/48 64/117/38 65/96/42 60/95/41
f 43/67/21 51/104/30 27/45/26 92/44/21
f 137/80/26 138/118/26 140/119/26 139/81/26
f 49/120/27 52/121/43 65/122/42 59/123/15
f 59/123/15 65/122/42 64/91/38 58/78/11
f 70/124/35 46/125/37 57/126/49 71/127/32
f 71/127/32 57/126/49 56/84/33 72/83/32
f 149/106/3 150/128/3 148/129/3 147/107/3
f 84/36/12 79/130/12 20/21/11 25/77/11
f 165/131/32 71/127/32 72/83/32 166/132/32
f 164/133/35 70/124/35 71/127/32 165/131/32
f 48/37/12 55/92/39 67/134/45 69/38/21
f 160/135/45 67/99/45 68/88/35 163/136/35
f 164/137/35 163/136/35 68/88/35 70/87/35
f 166/132/32 72/83/32 66/86/32 162/138/32
f 143/112/2 145/111/47 146/139/47 144/2/2
f 107/140/40 133/141/40 141/142/23 112/143/24
f 150/128/3 121/144/4 122/145/4 148/129/3
f 106/146/5 86/147/50 3/11/6 35/10/5
f 103/148/20 101/149/20 82/150/51 74/151/52
f 88/3/2 98/152/53 83/153/54 76/4/1
f 144/2/2 146/139/47 89/154/47 88/3/2
f 94/155/55 99/156/56 15/26/18 16/25/17
f 100/157/8 83/158/54 82/150/51 101/149/20
f 86/159/50 94/155/55 16/25/17 3/31/6
f 168/160/40 167/161/8 81/162/57 73/163/40
f 152/113/40 127/164/40 110/165/1 135/114/1
f 138/118/26 109/166/58 111/167/30 140/119/26
f 79/130/12 6/18/12 23/17/11 20/21/11
f 146/139/47 85/49/27 7/48/27 89/154/47
f 74/151/52 82/150/51 95/168/59 87/169/60
f 87/169/60 95/168/59 94/155/55 86/159/50
f 82/150/51 83/158/54 98/170/53 95/168/59
f 95/168/59 98/170/53 99/156/56 94/155/55
f 148/129/3 122/145/4 109/171/58 138/172/26
f 93/56/3 44/55/4 121/144/4 150/128/3
f 7/48/27 15/58/18 99/173/56 89/154/47
f 89/154/47 99/173/56 98/152/53 88/3/2
f 103/174/20 74/175/52 87/176/60 105/177/5
f 105/177/5 87/176/60 86/147/50 106/146/5
f 140/119/26 111/167/30 112/178/24 141/179/23
f 180/180/40 174/181/40 127/164/40 152/113/40
f 171/182/5 105/177/5 106/146/5 172/183/5
f 170/184/20 103/174/20 105/177/5 171/182/5
f 76/4/1 83/153/54 100/185/8 102/93/40
f 167/186/8 100/157/8 101/149/20 169/187/20
f 170/188/20 169/187/20 101/149/20 103/148/20
f 172/183/5 106/146/5 35/10/5 155/76/5
f 134/189/40 73/163/40 81/162/57 142/190/23
f 133/141/40 134/189/40 142/190/23 141/142/23
f 179/191/40 180/180/40 152/113/40 151/94/40
f 130/192/32 66/86/32 45/85/34 115/193/61
f 128/194/45 108/195/62 113/196/63 126/197/45
f 117/109/2 110/165/1 114/198/64 123/199/65
f 139/81/26 140/119/26 141/179/23 142/200/23
f 119/201/66 53/98/44 52/97/43 124/202/67
f 125/203/35 126/197/45 113/196/63 114/204/64
f 115/205/61 45/102/34 53/98/44 119/201/66
f 174/181/40 107/140/40 112/143/24 173/206/35
f 147/107/3 148/129/3 138/172/26 137/207/26
f 104/208/3 93/56/3 150/128/3 149/106/3
f 2/209/46 104/208/3 149/106/3 96/105/46
f 108/195/62 116/210/68 120/211/69 113/196/63
f 116/210/68 115/205/61 119/201/66 120/211/69
f 113/196/63 120/211/69 123/212/65 114/204/64
f 120/211/69 119/201/66 124/202/67 123/212/65
f 145/111/47 90/213/27 85/49/27 146/139/47
f 80/82/22 139/81/26 142/200/23 81/214/57
f 49/120/27 118/110/47 124/215/67 52/121/43
f 118/110/47 117/109/2 123/199/65 124/215/67
f 128/216/45 129/217/32 116/218/68 108/219/62
f 129/217/32 130/192/32 115/193/61 116/218/68
f 118/110/47 49/120/27 90/213/27 145/111/47
f 168/160/40 179/191/40 151/94/40 102/93/40
f 177/220/32 178/221/32 130/192/32 129/217/32
f 176/222/45 177/220/32 129/217/32 128/216/45
f 110/165/1 127/164/40 125/223/35 114/198/64
f 173/224/35 175/225/45 126/197/45 125/203/35
f 176/226/45 128/194/45 126/197/45 175/225/45
f 178/221/32 162/138/32 66/86/32 130/192/32
f 97/108/46 147/107/3 137/207/26 75/227/31
f 154/32/21 181/228/21 91/47/21 1/33/21
f 181/228/21 182/65/21 92/44/21 91/47/21
f 14/229/22 26/230/26 40/231/23 13/232/57
f 26/230/26 27/63/26 28/40/23 40/231/23
f 31/233/46 9/234/3 104/208/3 2/209/46
f 9/234/3 8/8/3 93/56/3 104/208/3
f 5/235/70 78/236/23 11/237/3 32/238/46
f 78/236/23 77/53/23 10/5/3 11/237/3
f 59/123/15 19/239/15 90/213/27 49/120/27
f 19/239/15 12/23/15 85/49/27 90/213/27
f 13/232/57 40/231/23 78/240/23 5/241/70
f 40/231/23 28/40/23 77/43/23 78/240/23
f 6/18/12 79/130/12 131/242/21 38/71/21
f 79/130/12 84/36/12 132/39/21 131/242/21
f 58/78/11 25/77/11 19/239/15 59/123/15
f 25/77/11 20/21/11 12/23/15 19/239/15
f 32/238/46 11/237/3 9/234/3 31/233/46
f 11/237/3 10/5/3 8/8/3 9/234/3
f 110/165/1 117/109/2 143/112/2 135/114/1
f 135/114/1 143/112/2 144/2/2 136/1/1
f 131/242/21 132/39/21 182/65/21 181/228/21
f 38/71/21 131/242/21 181/228/21 154/32/21
f 121/144/4 44/55/4 162/138/32 178/221/32
f 109/166/58 176/226/45 175/225/45 111/167/30
f 112/178/24 111/167/30 175/225/45 173/224/35
f 109/171/58 122/145/4 177/220/32 176/222/45
f 122/145/4 121/144/4 178/221/32 177/220/32
f 73/163/40 134/189/40 179/191/40 168/160/40
f 127/164/40 174/181/40 173/206/35 125/223/35
f 134/189/40 133/141/40 180/180/40 179/191/40
f 96/105/46 172/183/5 155/76/5 2/209/46
f 75/79/31 80/82/22 169/187/20 170/188/20
f 81/214/57 167/186/8 169/187/20 80/82/22
f 75/227/31 170/184/20 171/182/5 97/108/46
f 97/108/46 171/182/5 172/183/5 96/105/46
f 133/141/40 107/140/40 174/181/40 180/180/40
f 102/93/40 100/185/8 167/161/8 168/160/40
f 62/7/4 166/132/32 162/138/32 44/55/4
f 47/42/25 50/41/24 163/136/35 164/137/35
f 51/64/30 160/135/45 163/136/35 50/41/24
f 47/54/25 164/133/35 165/131/32 63/6/4
f 63/6/4 165/131/32 166/132/32 62/7/4
f 69/38/21 67/134/45 160/103/45 161/66/21
f 31/233/46 2/209/46 155/76/5 159/69/5
f 5/241/70 157/75/8 156/74/8 13/232/57
f 14/229/22 13/232/57 156/74/8 153/73/20
f 5/235/70 32/238/46 158/68/5 157/70/8
f 32/238/46 31/233/46 159/69/5 158/68/5
f 132/39/21 69/38/21 161/66/21 182/65/21
f 38/71/21 154/32/21 153/35/20 36/72/20
o open_book_Cube.001
v 4.247545 -0.169153 1.000000
v 2.845912 -0.043993 1.000000
v 2.915134 -0.143290 1.000000
v 4.247545 -0.149515 1.000000
v 2.896936 -0.162398 1.000000
v 2.828046 -0.060525 1.000000
v 2.815896 -0.046285 -0.329075
v 2.815896 -0.046285 0.329075
v 2.844856 -0.109053 -0.329075
v 4.260666 -0.149515 1.026995
v 4.260666 -0.169153 1.026995
v 2.828046 -0.060525 1.026995
v 2.845912 -0.043993 1.026995
v 2.915195 -0.143290 1.026995
v 2.896996 -0.162398 1.026995
v 4.190536 -0.067610 -0.329075
v 2.844856 -0.109053 0.329075
v 2.857954 -0.077194 1.000000
v 2.878920 -0.112643 1.000000
v 2.857163 -0.128799 1.000000
v 2.836576 -0.090296 1.000000
v 2.874153 -0.148065 -0.329075
v 2.874153 -0.148065 0.329075
v 2.857954 -0.077194 1.026995
v 2.878920 -0.112643 1.026995
v 2.857163 -0.128799 1.026995
v 2.836576 -0.090296 1.026995
v 2.811278 -0.015052 1.026995
v 2.811208 -0.044537 1.026433
v 2.811208 -0.044537 1.000562
v 2.811278 -0.015052 1.000562
v 4.181812 -0.037746 1.000000
v 4.190536 -0.067610 1.000000
v 4.210845 -0.110454 1.000000
v 2.998701 -0.169153 1.026995
v 4.176441 -0.005935 1.000000
v 2.992021 -0.149515 1.026995
v 2.997957 -0.169153 1.000000
v 2.991277 -0.149515 1.000000
v 4.254106 -0.169153 -0.333517
v 2.928690 -0.033471 1.000000
v 2.952713 -0.079546 1.000000
v 2.909604 0.005712 1.000000
v 2.880965 0.052927 1.000000
v 2.952832 -0.149515 1.026995
v 2.952470 -0.149515 1.000000
v 4.254106 -0.169153 0.333517
v 2.881705 -0.058849 1.000000
v 2.954023 -0.169153 1.026995
v 2.831474 0.017061 1.000000
v 2.953661 -0.169153 1.000000
v 2.907456 -0.098000 1.000000
v 2.866139 -0.022487 1.000000
v 3.085438 -0.169153 1.026995
v 3.083816 -0.169153 1.000000
v 3.050375 -0.075654 1.000000
v 3.081992 -0.149515 1.026995
v 3.016324 0.016735 1.000000
v 3.080370 -0.149515 1.000000
v 4.016527 -0.169153 -0.329075
v 3.030916 -0.024510 1.000000
v 2.997513 0.067534 1.000000
v 3.358643 -0.169153 1.026995
v 3.354217 -0.169153 1.000000
v 3.323428 -0.084467 1.000000
v 3.290279 0.007911 1.000000
v 3.369399 -0.149515 1.026995
v 3.364973 -0.149515 1.000000
v 4.016527 -0.169153 0.329075
v 3.301969 -0.032097 1.000000
v 3.276624 0.056868 1.000000
v 3.794158 -0.169153 1.026995
v 3.785510 -0.169153 1.000000
v 3.751436 -0.101660 1.000000
v 3.720338 -0.021417 1.000000
v 3.802163 -0.149515 1.026995
v 3.793515 -0.149515 1.000000
v 2.831544 -0.073488 -0.329075
v 3.730011 -0.055685 1.000000
v 3.710994 0.018932 1.000000
v 2.811278 -0.015052 -0.329075
v 2.831544 -0.073488 0.329075
v 2.820397 -0.048730 1.000000
v 2.829803 -0.025930 1.000000
v 2.829803 -0.025930 1.026995
v 2.820397 -0.048730 1.026995
v 4.178649 -0.020630 1.000000
v 2.893535 0.033399 1.000000
v 2.848062 0.001771 1.000000
v 3.006130 0.044325 1.000000
v 3.283026 0.033934 1.000000
v 3.715283 0.000068 1.000000
v 1.374747 -0.169153 1.000000
v 2.776380 -0.043993 1.000000
v 2.707158 -0.143290 1.000000
v 1.374747 -0.149515 1.000000
v 2.725356 -0.162398 1.000000
v 2.794246 -0.060525 1.000000
v 1.361626 -0.149515 1.026995
v 1.361626 -0.169153 1.026995
v 2.794246 -0.060525 1.026995
v 2.776380 -0.043993 1.026995
v 2.707097 -0.143290 1.026995
v 2.725296 -0.162398 1.026995
v 2.764338 -0.077194 1.000000
v 2.743372 -0.112643 1.000000
v 2.765129 -0.128799 1.000000
v 2.785717 -0.090296 1.000000
v 2.764338 -0.077194 1.026995
v 2.743372 -0.112643 1.026995
v 2.765129 -0.128799 1.026995
v 2.785717 -0.090296 1.026995
v 1.440480 -0.037746 1.000000
v 1.431756 -0.067610 1.000000
v 1.411447 -0.110454 1.000000
v 2.623591 -0.169153 1.026995
v 1.445851 -0.005935 1.000000
v 2.630271 -0.149515 1.026995
v 2.624336 -0.169153 1.000000
v 2.631016 -0.149515 1.000000
v 2.693602 -0.033471 1.000000
v 2.669579 -0.079546 1.000000
v 2.712688 0.005712 1.000000
v 2.741327 0.052927 1.000000
v 2.669460 -0.149515 1.026995
v 2.669822 -0.149515 1.000000
v 2.740587 -0.058849 1.000000
v 2.668269 -0.169153 1.026995
v 2.790818 0.017061 1.000000
v 2.668631 -0.169153 1.000000
v 2.714836 -0.098000 1.000000
v 2.756153 -0.022487 1.000000
v 2.536854 -0.169153 1.026995
v 2.538476 -0.169153 1.000000
v 2.571918 -0.075654 1.000000
v 2.540300 -0.149515 1.026995
v 2.605968 0.016735 1.000000
v 2.541922 -0.149515 1.000000
v 2.591376 -0.024510 1.000000
v 2.624779 0.067534 1.000000
v 2.263649 -0.169153 1.026995
v 2.268075 -0.169153 1.000000
v 2.298864 -0.084467 1.000000
v 2.332013 0.007911 1.000000
v 2.252893 -0.149515 1.026995
v 2.257319 -0.149515 1.000000
v 2.320323 -0.032097 1.000000
v 2.345668 0.056868 1.000000
v 1.828134 -0.169153 1.026995
v 1.836782 -0.169153 1.000000
v 1.870856 -0.101660 1.000000
v 1.901954 -0.021417 1.000000
v 1.820129 -0.149515 1.026995
v 1.828777 -0.149515 1.000000
v 1.892281 -0.055685 1.000000
v 1.911298 0.018932 1.000000
v 2.801895 -0.048730 1.000000
v 2.792489 -0.025930 1.000000
v 2.792489 -0.025930 1.026995
v 2.801895 -0.048730 1.026995
v 1.443642 -0.020630 1.000000
v 2.728757 0.033399 1.000000
v 2.774230 0.001771 1.000000
v 2.616163 0.044325 1.000000
v 2.339266 0.033934 1.000000
v 1.907009 0.000068 1.000000
v 4.247545 -0.169153 -1.000000
v 2.845912 -0.043993 -1.000000
v 2.915134 -0.143290 -1.000000
v 4.247545 -0.149515 -1.000000
v 2.896936 -0.162398 -1.000000
v 2.828046 -0.060525 -1.000000
v 4.260666 -0.149515 -1.026995
v 4.260666 -0.169153 -1.026995
v 2.828046 -0.060525 -1.026995
v 2.845912 -0.043993 -1.026995
v 2.915195 -0.143290 -1.026995
v 2.896996 -0.162398 -1.026995
v 2.857954 -0.077194 -1.000000
v 2.878920 -0.112643 -1.000000
v 2.857163 -0.128799 -1.000000
v 2.836576 -0.090296 -1.000000
v 2.857954 -0.077194 -1.026995
v 2.878920 -0.112643 -1.026995
v 2.857163 -0.128799 -1.026995
v 2.836576 -0.090296 -1.026995
v 2.811278 -0.015052 -1.026995
v 2.811208 -0.044537 -1.026433
v 2.811208 -0.044537 -1.000562
v 2.811278 -0.015052 -1.000562
v 4.181812 -0.037746 -1.000000
v 4.190536 -0.067610 -1.000000
v 4.210845 -0.110454 -1.000000
v 2.998701 -0.169153 -1.026995
v 4.176441 -0.005935 -1.000000
v 2.992021 -0.149515 -1.026995
v 2.997957 -0.169153 -1.000000
v 2.991277 -0.149515 -1.000000
v 2.928690 -0.033471 -1.000000
v 2.952713 -0.079546 -1.000000
v 2.909604 0.005712 -1.000000
v 2.880965 0.052927 -1.000000
v 2.952832 -0.149515 -1.026995
v 2.952470 -0.149515 -1.000000
v 2.881705 -0.058849 -1.000000
v 2.954023 -0.169153 -1.026995
v 2.831474 0.017061 -1.000000
v 2.953661 -0.169153 -1.000000
v 2.907456 -0.098000 -1.000000
v 2.866139 -0.022487 -1.000000
v 3.085438 -0.169153 -1.026995
v 3.083816 -0.169153 -1.000000
v 3.050375 -0.075654 -1.000000
v 3.081992 -0.149515 -1.026995
v 3.016324 0.016735 -1.000000
v 3.080370 -0.149515 -1.000000
v 3.030916 -0.024510 -1.000000
v 2.997513 0.067534 -1.000000
v 3.358643 -0.169153 -1.026995
v 3.354217 -0.169153 -1.000000
v 3.323428 -0.084467 -1.000000
v 3.290279 0.007911 -1.000000
v 3.369399 -0.149515 -1.026995
v 3.364973 -0.149515 -1.000000
v 3.301969 -0.032097 -1.000000
v 3.276624 0.056868 -1.000000
v 3.794158 -0.169153 -1.026995
v 3.785510 -0.169153 -1.000000
v 3.751436 -0.101660 -1.000000
v 3.720338 -0.021417 -1.000000
v 3.802163 -0.149515 -1.026995
v 3.793515 -0.149515 -1.000000
v 3.730011 -0.055685 -1.000000
v 3.710994 0.018932 -1.000000
v 2.820397 -0.048730 -1.000000
v 2.829803 -0.025930 -1.000000
v 2.829803 -0.025930 -1.026995
v 2.820397 -0.048730 -1.026995
v 4.178649 -0.020630 -1.000000
v 2.893535 0.033399 -1.000000
v 2.848062 0.001771 -1.000000
v 3.006130 0.044325 -1.000000
v 3.283026 0.033934 -1.000000
v 3.715283 0.000068 -1.000000
v 1.374747 -0.169153 -1.000000
v 2.776380 -0.043993 -1.000000
v 2.707158 -0.143290 -1.000000
v 1.374747 -0.149515 -1.000000
v 2.725356 -0.162398 -1.000000
v 2.794246 -0.060525 -1.000000
v 1.361626 -0.149515 -1.026995
v 1.361626 -0.169153 -1.026995
v 2.794246 -0.060525 -1.026995
v 2.776380 -0.043993 -1.026995
v 2.707097 -0.143290 -1.026995
v 2.725296 -0.162398 -1.026995
v 2.764338 -0.077194 -1.000000
v 2.743372 -0.112643 -1.000000
v 2.765129 -0.128799 -1.000000
v 2.785717 -0.090296 -1.000000
v 2.764338 -0.077194 -1.026995
v 2.743372 -0.112643 -1.026995
v 2.765129 -0.128799 -1.026995
v 2.785717 -0.090296 -1.026995
v 1.440480 -0.037746 -1.000000
v 1.431756 -0.067610 -1.000000
v 1.411447 -0.110454 -1.000000
v 2.623591 -0.169153 -1.026995
v 1.445851 -0.005935 -1.000000
v 2.630271 -0.149515 -1.026995
v 2.624336 -0.169153 -1.000000
v 2.631016 -0.149515 -1.000000
v 2.693602 -0.033471 -1.000000
v 2.669579 -0.079546 -1.000000
v 2.712688 0.005712 -1.000000
v 2.741327 0.052927 -1.000000
v 2.669460 -0.149515 -1.026995
v 2.669822 -0.149515 -1.000000
v 2.740587 -0.058849 -1.000000
v 2.668269 -0.169153 -1.026995
v 2.790818 0.017061 -1.000000
v 2.668631 -0.169153 -1.000000
v 2.714836 -0.098000 -1.000000
v 2.756153 -0.022487 -1.000000
v 2.536854 -0.169153 -1.026995
v 2.538476 -0.169153 -1.000000
v 2.571918 -0.075654 -1.000000
v 2.540300 -0.149515 -1.026995
v 2.605968 0.016735 -1.000000
v 2.541922 -0.149515 -1.000000
v 2.591376 -0.024510 -1.000000
v 2.624779 0.067534 -1.000000
v 2.263649 -0.169153 -1.026995
v 2.268075 -0.169153 -1.000000
v 2.298864 -0.084467 -1.000000
v 2.332013 0.007911 -1.000000
v 2.252893 -0.149515 -1.026995
v 2.257319 -0.149515 -1.000000
v 2.320323 -0.032097 -1.000000
v 2.345668 0.056868 -1.000000
v 1.828134 -0.169153 -1.026995
v 1.836782 -0.169153 -1.000000
v 1.870856 -0.101660 -1.000000
v 1.901954 -0.021417 -1.000000
v 1.820129 -0.149515 -1.026995
v 1.828777 -0.149515 -1.000000
v 1.892281 -0.055685 -1.000000
v 1.911298 0.018932 -1.000000
v 2.801895 -0.048730 -1.000000
v 2.792489 -0.025930 -1.000000
v 2.792489 -0.025930 -1.026995
v 2.801895 -0.048730 -1.026995
v 1.443642 -0.020630 -1.000000
v 2.728757 0.033399 -1.000000
v 2.774230 0.001771 -1.000000
v 2.616163 0.044325 -1.000000
v 2.339266 0.033934 -1.000000
v 1.907009 0.000068 -1.000000
v 2.895926 -0.130122 1.000000
v 2.831544 -0.073488 1.000000
v 4.247545 -0.169153 0.987225
v 2.828046 -0.060525 0.987225
v 2.896936 -0.162398 0.987225
v 4.181812 -0.037746 -0.329075
v 2.895933 -0.130122 1.026995
v 2.828046 -0.060525 1.013498
v 4.247545 -0.149515 0.987225
v 4.254106 -0.169153 1.013498
v 2.831544 -0.073488 1.026995
v 2.896966 -0.162398 1.013498
v 4.260666 -0.149515 1.013875
v 4.260666 -0.169153 1.013875
v 4.181812 -0.037746 0.329075
v 2.851812 -0.059387 1.000000
v 2.866476 -0.094921 1.000000
v 2.874153 -0.148065 1.000000
v 2.844856 -0.109053 1.000000
v 2.831474 0.017061 0.329075
v 2.831474 0.017061 -0.329075
v 2.851812 -0.059387 1.026995
v 2.866476 -0.094921 1.026995
v 2.874160 -0.148065 1.026995
v 2.844856 -0.109053 1.026995
v 2.857163 -0.128799 0.987225
v 2.836576 -0.090296 0.987225
v 2.836576 -0.090296 1.013498
v 2.857163 -0.128799 1.013498
v 2.820397 -0.048730 0.329075
v 2.815896 -0.046285 1.000000
v 2.820585 -0.020094 1.000000
v 2.820585 -0.020094 1.026995
v 2.824450 -0.052796 1.026995
v 2.811208 -0.044537 1.013498
v 4.185163 -0.050620 1.000000
v 4.198664 -0.088524 1.000000
v 4.227822 -0.130627 1.000000
v 4.210845 -0.110454 0.987225
v 4.190536 -0.067610 0.987225
v 4.181812 -0.037746 0.987225
v 4.027412 -0.169153 1.026995
v 2.934218 -0.148737 1.026995
v 4.016527 -0.169153 1.000000
v 2.934029 -0.148737 1.000000
v 2.820397 -0.048730 -0.329075
v 2.868051 -0.069087 1.000000
v 3.980986 -0.107065 1.000000
v 3.020321 -0.149515 1.026995
v 2.977364 -0.169153 1.026995
v 4.177546 -0.013283 1.000000
v 3.951026 -0.031333 1.000000
v 2.819296 0.000248 1.000000
v 2.976819 -0.169153 1.000000
v 3.019300 -0.149515 1.000000
v 3.785510 -0.169153 -0.329075
v 2.965662 -0.026645 1.000000
v 2.927567 -0.088091 1.000000
v 2.883816 -0.007785 1.000000
v 2.924751 0.063343 1.000000
v 2.998329 -0.169153 1.013498
v 2.918875 -0.013061 1.000000
v 2.970651 -0.112247 1.000000
v 2.939280 -0.054398 1.000000
v 2.997957 -0.169153 0.987225
v 2.886971 0.043680 1.000000
v 2.971641 -0.149515 1.026995
v 2.971095 -0.149515 1.000000
v 3.785510 -0.169153 0.329075
v 2.901820 -0.045600 1.000000
v 2.925535 -0.168309 1.026995
v 2.851324 0.036051 1.000000
v 2.925346 -0.168309 1.000000
v 2.891936 -0.106025 1.000000
v 2.854473 -0.034278 1.000000
v 2.839512 0.009989 1.000000
v 2.953661 -0.169153 0.987225
v 2.892279 -0.077502 1.000000
v 2.928322 -0.122519 1.000000
v 2.873726 -0.039913 1.000000
v 2.953842 -0.169153 1.013498
v 3.026894 -0.169153 1.026995
v 3.025874 -0.169153 1.000000
v 2.986940 -0.075591 1.000000
v 3.200143 -0.149515 1.026995
v 2.948304 0.013781 1.000000
v 3.197369 -0.149515 1.000000
v 3.354217 -0.169153 -0.329075
v 3.142358 -0.025883 1.000000
v 3.113808 0.066143 1.000000
v 3.084627 -0.169153 1.013498
v 3.023128 -0.002563 1.000000
v 3.064416 -0.110479 1.000000
v 3.039563 -0.047882 1.000000
v 3.083816 -0.169153 0.987225
v 3.001765 0.056033 1.000000
v 3.196042 -0.169153 1.026995
v 3.193267 -0.169153 1.000000
v 3.162409 -0.078555 1.000000
v 3.129562 0.015371 1.000000
v 3.576128 -0.149515 1.026995
v 3.569686 -0.149515 1.000000
v 3.354217 -0.169153 0.329075
v 3.504288 -0.043710 1.000000
v 3.482155 0.038722 1.000000
v 3.356430 -0.169153 1.013498
v 3.295416 -0.010324 1.000000
v 3.342415 -0.115955 1.000000
v 3.310523 -0.056635 1.000000
v 3.354217 -0.169153 0.987225
v 3.279825 0.045401 1.000000
v 3.564777 -0.169153 1.026995
v 3.558335 -0.169153 1.000000
v 3.526123 -0.093190 1.000000
v 3.493676 -0.006374 1.000000
v 4.031415 -0.149515 1.026995
v 4.020530 -0.149515 1.000000
v 3.083816 -0.169153 -0.329075
v 3.960113 -0.063166 1.000000
v 3.943718 0.004590 1.000000
v 3.789834 -0.169153 1.013498
v 3.724305 -0.036707 1.000000
v 3.770685 -0.125627 1.000000
v 3.738350 -0.077850 1.000000
v 3.785510 -0.169153 0.987225
v 3.713139 0.009500 1.000000
v 2.811278 -0.015052 0.987225
v 2.831474 0.017061 0.987225
v 3.710994 0.018932 0.987225
v 4.176441 -0.005935 0.987225
v 2.997513 0.067534 0.987225
v 3.276624 0.056868 0.987225
v 2.880965 0.052927 0.987225
v 2.811278 -0.015052 0.513498
v 3.083816 -0.169153 0.329075
v 2.824450 -0.052796 1.000000
v 2.838480 -0.033264 1.000000
v 2.838480 -0.033264 1.026995
v 2.815896 -0.046285 1.026995
v 4.179873 -0.028280 1.000000
v 2.901096 0.021064 1.000000
v 2.857309 -0.008715 1.000000
v 3.010804 0.031864 1.000000
v 3.286334 0.022081 1.000000
v 3.717523 -0.009691 1.000000
v 4.178650 -0.020630 0.987225
v 3.487525 0.017592 1.000000
v 3.121184 0.042473 1.000000
v 2.935165 0.041697 1.000000
v 2.837104 -0.012929 1.000000
v 2.866079 0.018661 1.000000
v 2.820397 -0.048730 0.987225
v 2.820397 -0.048730 1.013498
v 3.946954 -0.012124 1.000000
v 2.811208 -0.044537 0.987225
v 2.726366 -0.130122 1.000000
v 2.790748 -0.073488 1.000000
v 1.374747 -0.169153 0.987225
v 2.794246 -0.060525 0.987225
v 2.725356 -0.162398 0.987225
v 2.726359 -0.130122 1.026995
v 2.794246 -0.060525 1.013498
v 1.374747 -0.149515 0.987225
v 1.368186 -0.169153 1.013498
v 2.790748 -0.073488 1.026995
v 2.725326 -0.162398 1.013498
v 1.361626 -0.149515 1.013875
v 1.361626 -0.169153 1.013875
v 2.770480 -0.059387 1.000000
v 2.755816 -0.094921 1.000000
v 2.748139 -0.148065 1.000000
v 2.777436 -0.109053 1.000000
v 2.770480 -0.059387 1.026995
v 2.755816 -0.094921 1.026995
v 2.748132 -0.148065 1.026995
v 2.777436 -0.109053 1.026995
v 2.765129 -0.128799 0.987225
v 2.785717 -0.090296 0.987225
v 2.785717 -0.090296 1.013498
v 2.765129 -0.128799 1.013498
v 2.806396 -0.046285 1.000000
v 2.801707 -0.020094 1.000000
v 2.801707 -0.020094 1.026995
v 2.797842 -0.052796 1.026995
v 1.437130 -0.050620 1.000000
v 1.423628 -0.088524 1.000000
v 1.394470 -0.130627 1.000000
v 1.411447 -0.110454 0.987225
v 1.431756 -0.067610 0.987225
v 1.440480 -0.037746 0.987225
v 1.594880 -0.169153 1.026995
v 2.688074 -0.148737 1.026995
v 1.605765 -0.169153 1.000000
v 2.688263 -0.148737 1.000000
v 2.754241 -0.069087 1.000000
v 1.641307 -0.107065 1.000000
v 2.601971 -0.149515 1.026995
v 2.644928 -0.169153 1.026995
v 1.444746 -0.013283 1.000000
v 1.671266 -0.031333 1.000000
v 2.802996 0.000248 1.000000
v 2.645473 -0.169153 1.000000
v 2.602992 -0.149515 1.000000
v 2.656630 -0.026645 1.000000
v 2.694725 -0.088091 1.000000
v 2.738477 -0.007785 1.000000
v 2.697541 0.063343 1.000000
v 2.623963 -0.169153 1.013498
v 2.703417 -0.013061 1.000000
v 2.651641 -0.112247 1.000000
v 2.683012 -0.054398 1.000000
v 2.624336 -0.169153 0.987225
v 2.735322 0.043680 1.000000
v 2.650651 -0.149515 1.026995
v 2.651197 -0.149515 1.000000
v 2.720472 -0.045600 1.000000
v 2.696757 -0.168309 1.026995
v 2.770968 0.036051 1.000000
v 2.696946 -0.168309 1.000000
v 2.730356 -0.106025 1.000000
v 2.767819 -0.034278 1.000000
v 2.782780 0.009989 1.000000
v 2.668631 -0.169153 0.987225
v 2.730013 -0.077502 1.000000
v 2.693970 -0.122519 1.000000
v 2.748566 -0.039913 1.000000
v 2.668450 -0.169153 1.013498
v 2.595398 -0.169153 1.026995
v 2.596418 -0.169153 1.000000
v 2.635352 -0.075591 1.000000
v 2.422149 -0.149515 1.026995
v 2.673988 0.013781 1.000000
v 2.424923 -0.149515 1.000000
v 2.479934 -0.025883 1.000000
v 2.508484 0.066143 1.000000
v 2.537665 -0.169153 1.013498
v 2.599164 -0.002563 1.000000
v 2.557876 -0.110479 1.000000
v 2.582729 -0.047882 1.000000
v 2.538476 -0.169153 0.987225
v 2.620527 0.056033 1.000000
v 2.426250 -0.169153 1.026995
v 2.429025 -0.169153 1.000000
v 2.459883 -0.078555 1.000000
v 2.492730 0.015371 1.000000
v 2.046164 -0.149515 1.026995
v 2.052606 -0.149515 1.000000
v 2.118004 -0.043710 1.000000
v 2.140137 0.038722 1.000000
v 2.265862 -0.169153 1.013498
v 2.326876 -0.010324 1.000000
v 2.279877 -0.115955 1.000000
v 2.311769 -0.056635 1.000000
v 2.268075 -0.169153 0.987225
v 2.342467 0.045401 1.000000
v 2.057515 -0.169153 1.026995
v 2.063957 -0.169153 1.000000
v 2.096169 -0.093190 1.000000
v 2.128616 -0.006374 1.000000
v 1.590878 -0.149515 1.026995
v 1.601762 -0.149515 1.000000
v 1.662179 -0.063166 1.000000
v 1.678574 0.004590 1.000000
v 1.832458 -0.169153 1.013498
v 1.897987 -0.036707 1.000000
v 1.851607 -0.125627 1.000000
v 1.883942 -0.077850 1.000000
v 1.836782 -0.169153 0.987225
v 1.909153 0.009500 1.000000
v 2.790818 0.017061 0.987225
v 1.911298 0.018932 0.987225
v 1.445851 -0.005935 0.987225
v 2.624779 0.067534 0.987225
v 2.345668 0.056868 0.987225
v 2.741327 0.052927 0.987225
v 2.797842 -0.052796 1.000000
v 2.783812 -0.033264 1.000000
v 2.783812 -0.033264 1.026995
v 2.806396 -0.046285 1.026995
v 1.442419 -0.028280 1.000000
v 2.721196 0.021064 1.000000
v 2.764983 -0.008715 1.000000
v 2.611488 0.031864 1.000000
v 2.335958 0.022081 1.000000
v 1.904769 -0.009691 1.000000
v 1.443642 -0.020630 0.987225
v 2.134767 0.017592 1.000000
v 2.501108 0.042473 1.000000
v 2.687127 0.041697 1.000000
v 2.785188 -0.012929 1.000000
v 2.756213 0.018661 1.000000
v 2.801895 -0.048730 0.987225
v 2.801895 -0.048730 1.013498
v 1.675338 -0.012124 1.000000
v 2.895926 -0.130122 -1.000000
v 2.831544 -0.073488 -1.000000
v 4.247545 -0.169153 -0.987225
v 2.828046 -0.060525 -0.987225
v 2.896936 -0.162398 -0.987225
v 2.895933 -0.130122 -1.026995
v 2.828046 -0.060525 -1.013498
v 2.953661 -0.169153 -0.329075
v 4.247545 -0.149515 -0.987225
v 4.254106 -0.169153 -1.013498
v 2.831544 -0.073488 -1.026995
v 2.896966 -0.162398 -1.013498
v 2.953661 -0.169153 0.329075
v 2.997957 -0.169153 -0.329075
v 4.260666 -0.149515 -1.013875
v 4.260666 -0.169153 -1.013875
v 2.851812 -0.059387 -1.000000
v 2.866476 -0.094921 -1.000000
v 2.874153 -0.148065 -1.000000
v 2.844856 -0.109053 -1.000000
v 2.851812 -0.059387 -1.026995
v 2.866476 -0.094921 -1.026995
v 2.874160 -0.148065 -1.026995
v 2.844856 -0.109053 -1.026995
v 2.997957 -0.169153 0.329075
v 4.210845 -0.110454 -0.329075
v 2.857163 -0.128799 -0.987225
v 2.836576 -0.090296 -0.987225
v 2.836576 -0.090296 -1.013498
v 2.857163 -0.128799 -1.013498
v 2.815896 -0.046285 -1.000000
v 2.820585 -0.020094 -1.000000
v 2.811208 -0.044537 -0.987225
v 2.820585 -0.020094 -1.026995
v 2.824450 -0.052796 -1.026995
v 2.811208 -0.044537 -1.013498
v 4.185163 -0.050620 -1.000000
v 4.198664 -0.088524 -1.000000
v 4.227822 -0.130627 -1.000000
v 4.210845 -0.110454 -0.987225
v 4.190536 -0.067610 -0.987225
v 4.181812 -0.037746 -0.987225
v 4.027412 -0.169153 -1.026995
v 2.934218 -0.148737 -1.026995
v 4.016527 -0.169153 -1.000000
v 2.934029 -0.148737 -1.000000
v 2.868051 -0.069087 -1.000000
v 3.980985 -0.107065 -1.000000
v 3.020321 -0.149515 -1.026995
v 2.977364 -0.169153 -1.026995
v 4.177546 -0.013283 -1.000000
v 3.951026 -0.031333 -1.000000
v 2.819296 0.000248 -1.000000
v 2.976819 -0.169153 -1.000000
v 3.019300 -0.149515 -1.000000
v 2.965662 -0.026645 -1.000000
v 2.927567 -0.088091 -1.000000
v 2.883816 -0.007785 -1.000000
v 2.924751 0.063343 -1.000000
v 2.998329 -0.169153 -1.013498
v 2.918875 -0.013061 -1.000000
v 2.970651 -0.112247 -1.000000
v 2.939280 -0.054398 -1.000000
v 4.210845 -0.110454 0.329075
v 2.997957 -0.169153 -0.987225
v 2.886971 0.043680 -1.000000
v 2.971641 -0.149515 -1.026995
v 2.971095 -0.149515 -1.000000
v 2.901820 -0.045600 -1.000000
v 2.925535 -0.168309 -1.026995
v 2.851324 0.036051 -1.000000
v 2.925346 -0.168309 -1.000000
v 2.891936 -0.106025 -1.000000
v 2.854473 -0.034278 -1.000000
v 2.839512 0.009989 -1.000000
v 2.953661 -0.169153 -0.987225
v 2.892279 -0.077502 -1.000000
v 2.928322 -0.122519 -1.000000
v 2.873726 -0.039913 -1.000000
v 2.953842 -0.169153 -1.013498
v 2.836576 -0.090296 0.329075
v 3.026894 -0.169153 -1.026995
v 3.025874 -0.169153 -1.000000
v 2.986940 -0.075591 -1.000000
v 3.200143 -0.149515 -1.026995
v 2.948304 0.013781 -1.000000
v 3.197369 -0.149515 -1.000000
v 3.142358 -0.025883 -1.000000
v 3.113808 0.066143 -1.000000
v 2.836576 -0.090296 -0.329075
v 3.084627 -0.169153 -1.013498
v 3.023128 -0.002563 -1.000000
v 3.064416 -0.110479 -1.000000
v 3.039563 -0.047882 -1.000000
v 3.083816 -0.169153 -0.987225
v 3.001765 0.056033 -1.000000
v 3.196042 -0.169153 -1.026995
v 3.193267 -0.169153 -1.000000
v 3.162409 -0.078555 -1.000000
v 3.129562 0.015371 -1.000000
v 3.576128 -0.149515 -1.026995
v 3.569686 -0.149515 -1.000000
v 3.504288 -0.043710 -1.000000
v 3.482155 0.038722 -1.000000
v 2.857163 -0.128799 0.329075
v 3.356430 -0.169153 -1.013498
v 3.295416 -0.010324 -1.000000
v 3.342415 -0.115955 -1.000000
v 3.310523 -0.056635 -1.000000
v 3.354217 -0.169153 -0.987225
v 3.279825 0.045401 -1.000000
v 3.564777 -0.169153 -1.026995
v 3.558335 -0.169153 -1.000000
v 3.526123 -0.093190 -1.000000
v 3.493676 -0.006374 -1.000000
v 4.031415 -0.149515 -1.026995
v 4.020530 -0.149515 -1.000000
v 3.960114 -0.063166 -1.000000
v 3.943718 0.004590 -1.000000
v 2.857163 -0.128799 -0.329075
v 3.789834 -0.169153 -1.013498
v 3.724305 -0.036707 -1.000000
v 3.770685 -0.125627 -1.000000
v 3.738350 -0.077850 -1.000000
v 3.785510 -0.169153 -0.987225
v 3.713139 0.009500 -1.000000
v 2.811278 -0.015052 -0.987225
v 2.831474 0.017061 -0.987225
v 3.710994 0.018932 -0.987225
v 4.176441 -0.005935 -0.987225
v 2.997513 0.067534 -0.987225
v 3.276624 0.056868 -0.987225
v 2.880965 0.052927 -0.987225
v 2.811278 -0.015052 -0.513498
v 2.824450 -0.052796 -1.000000
v 2.838480 -0.033264 -1.000000
v 2.838480 -0.033264 -1.026995
v 2.815896 -0.046285 -1.026995
v 4.179873 -0.028280 -1.000000
v 2.901096 0.021064 -1.000000
v 2.857309 -0.008715 -1.000000
v 3.010804 0.031864 -1.000000
v 3.286334 0.022081 -1.000000
v 3.717523 -0.009691 -1.000000
v 4.178649 -0.020630 -0.987225
v 3.487525 0.017592 -1.000000
v 3.121184 0.042473 -1.000000
v 2.935165 0.041697 -1.000000
v 2.837104 -0.012929 -1.000000
v 2.866079 0.018661 -1.000000
v 4.260666 -0.169153 0.337959
v 2.820397 -0.048730 -0.987225
v 2.820397 -0.048730 -1.013498
v 3.946954 -0.012124 -1.000000
v 2.811208 -0.044537 0.329075
v 2.726366 -0.130122 -1.000000
v 2.790748 -0.073488 -1.000000
v 1.374747 -0.169153 -0.987225
v 2.794246 -0.060525 -0.987225
v 2.725356 -0.162398 -0.987225
v 2.726359 -0.130122 -1.026995
v 2.794246 -0.060525 -1.013498
v 1.374747 -0.149515 -0.987225
v 1.368186 -0.169153 -1.013498
v 2.790748 -0.073488 -1.026995
v 2.725326 -0.162398 -1.013498
v 1.361626 -0.149515 -1.013875
v 1.361626 -0.169153 -1.013875
v 2.770480 -0.059387 -1.000000
v 2.755816 -0.094921 -1.000000
v 2.748139 -0.148065 -1.000000
v 2.777436 -0.109053 -1.000000
v 2.770480 -0.059387 -1.026995
v 2.755816 -0.094921 -1.026995
v 2.748132 -0.148065 -1.026995
v 2.777436 -0.109053 -1.026995
v 2.765129 -0.128799 -0.987225
v 2.785717 -0.090296 -0.987225
v 2.785717 -0.090296 -1.013498
v 2.765129 -0.128799 -1.013498
v 2.806396 -0.046285 -1.000000
v 2.801707 -0.020094 -1.000000
v 2.801707 -0.020094 -1.026995
v 2.797842 -0.052796 -1.026995
v 1.437130 -0.050620 -1.000000
v 1.423628 -0.088524 -1.000000
v 1.394470 -0.130627 -1.000000
v 1.411447 -0.110454 -0.987225
v 1.431756 -0.067610 -0.987225
v 1.440480 -0.037746 -0.987225
v 1.594880 -0.169153 -1.026995
v 2.688074 -0.148737 -1.026995
v 1.605765 -0.169153 -1.000000
v 2.688263 -0.148737 -1.000000
v 2.754241 -0.069087 -1.000000
v 1.641307 -0.107065 -1.000000
v 2.601971 -0.149515 -1.026995
v 2.644928 -0.169153 -1.026995
v 1.444747 -0.013283 -1.000000
v 1.671266 -0.031333 -1.000000
v 2.802996 0.000248 -1.000000
v 2.645473 -0.169153 -1.000000
v 2.602992 -0.149515 -1.000000
v 2.656630 -0.026645 -1.000000
v 2.694725 -0.088091 -1.000000
v 2.738477 -0.007785 -1.000000
v 2.697541 0.063343 -1.000000
v 2.623963 -0.169153 -1.013498
v 2.703417 -0.013061 -1.000000
v 2.651641 -0.112247 -1.000000
v 2.683012 -0.054398 -1.000000
v 2.624336 -0.169153 -0.987225
v 2.735322 0.043680 -1.000000
v 2.650651 -0.149515 -1.026995
v 2.651197 -0.149515 -1.000000
v 2.720472 -0.045600 -1.000000
v 2.696757 -0.168309 -1.026995
v 2.770968 0.036051 -1.000000
v 2.696946 -0.168309 -1.000000
v 2.730356 -0.106025 -1.000000
v 2.767819 -0.034278 -1.000000
v 2.782780 0.009989 -1.000000
v 2.668631 -0.169153 -0.987225
v 2.730013 -0.077502 -1.000000
v 2.693970 -0.122519 -1.000000
v 2.748566 -0.039913 -1.000000
v 2.668450 -0.169153 -1.013498
v 2.595398 -0.169153 -1.026995
v 2.596418 -0.169153 -1.000000
v 2.635352 -0.075591 -1.000000
v 2.422149 -0.149515 -1.026995
v 2.673988 0.013781 -1.000000
v 2.424923 -0.149515 -1.000000
v 2.479934 -0.025883 -1.000000
v 2.508484 0.066143 -1.000000
v 2.537665 -0.169153 -1.013498
v 2.599164 -0.002563 -1.000000
v 2.557876 -0.110479 -1.000000
v 2.582729 -0.047882 -1.000000
v 2.538476 -0.169153 -0.987225
v 2.620527 0.056033 -1.000000
v 2.426250 -0.169153 -1.026995
v 2.429025 -0.169153 -1.000000
v 2.459883 -0.078555 -1.000000
v 2.492730 0.015371 -1.000000
v 2.046164 -0.149515 -1.026995
v 2.052606 -0.149515 -1.000000
v 2.118004 -0.043710 -1.000000
v 2.140137 0.038722 -1.000000
v 2.265862 -0.169153 -1.013498
v 2.326876 -0.010324 -1.000000
v 2.279877 -0.115955 -1.000000
v 2.311769 -0.056635 -1.000000
v 2.268075 -0.169153 -0.987225
v 2.342467 0.045401 -1.000000
v 2.057515 -0.169153 -1.026995
v 2.063957 -0.169153 -1.000000
v 2.096169 -0.093190 -1.000000
v 2.128616 -0.006374 -1.000000
v 1.590878 -0.149515 -1.026995
v 1.601762 -0.149515 -1.000000
v 1.662179 -0.063166 -1.000000
v 1.678574 0.004590 -1.000000
v 1.832458 -0.169153 -1.013498
v 1.897987 -0.036707 -1.000000
v 1.851607 -0.125627 -1.000000
v 1.883942 -0.077850 -1.000000
v 1.836782 -0.169153 -0.987225
v 1.909153 0.009500 -1.000000
v 2.790818 0.017061 -0.987225
v 1.911298 0.018932 -0.987225
v 1.445851 -0.005935 -0.987225
v 2.624779 0.067534 -0.987225
v 2.345668 0.056868 -0.987225
v 2.741327 0.052927 -0.987225
v 2.797842 -0.052796 -1.000000
v 2.783812 -0.033264 -1.000000
v 2.783812 -0.033264 -1.026995
v 2.806396 -0.046285 -1.026995
v 1.442419 -0.028280 -1.000000
v 2.721196 0.021064 -1.000000
v 2.764983 -0.008715 -1.000000
v 2.611488 0.031864 -1.000000
v 2.335958 0.022081 -1.000000
v 1.904769 -0.009691 -1.000000
v 1.443642 -0.020630 -0.987225
v 2.134767 0.017592 -1.000000
v 2.501108 0.042473 -1.000000
v 2.687127 0.041697 -1.000000
v 2.785188 -0.012929 -1.000000
v 2.756213 0.018661 -1.000000
v 2.801895 -0.048730 -0.987225
v 2.801895 -0.048730 -1.013498
v 1.675338 -0.012124 -1.000000
v 3.945336 -0.003767 1.000000
v 2.874156 -0.148065 1.013498
v 2.831544 -0.073488 0.987225
v 4.016527 -0.169153 0.987225
v 4.254106 -0.169153 1.000550
v 2.874153 -0.148065 0.987225
v 2.844856 -0.109053 0.987225
v 2.831544 -0.073488 1.013498
v 2.844856 -0.109053 1.013498
v 2.815896 -0.046285 1.013498
v 2.815896 -0.046285 0.987225
v 3.968328 -0.084506 1.000000
v 3.999164 -0.128674 1.000000
v 4.227822 -0.130627 0.987225
v 4.198664 -0.088524 0.987225
v 4.185163 -0.050620 0.987225
v 3.954628 -0.045321 1.000000
v 4.021970 -0.169153 1.013498
v 2.977091 -0.169153 1.013498
v 2.892596 -0.025978 1.000000
v 2.947757 -0.116961 1.000000
v 2.912750 -0.065271 1.000000
v 2.976819 -0.169153 0.987225
v 2.858385 0.027960 1.000000
v 2.828101 -0.005879 1.000000
v 2.925346 -0.168309 0.987225
v 2.877737 -0.087148 1.000000
v 2.911475 -0.126957 1.000000
v 2.861099 -0.050742 1.000000
v 2.925440 -0.168309 1.013498
v 3.026384 -0.169153 1.013498
v 2.956613 -0.005388 1.000000
v 3.002087 -0.110194 1.000000
v 2.975245 -0.048828 1.000000
v 3.025874 -0.169153 0.987225
v 2.929789 0.052829 1.000000
v 3.194655 -0.169153 1.013498
v 3.135352 -0.003666 1.000000
v 3.178556 -0.112409 1.000000
v 3.150791 -0.050238 1.000000
v 3.193267 -0.169153 0.987225
v 3.117489 0.054321 1.000000
v 3.561556 -0.169153 1.013498
v 3.498188 -0.023218 1.000000
v 3.545993 -0.120901 1.000000
v 3.512793 -0.067238 1.000000
v 3.558335 -0.169153 0.987225
v 3.484840 0.028157 1.000000
v 2.811278 -0.015052 0.329075
v 2.819296 0.000248 0.987225
v 3.943717 0.004590 0.987225
v 3.113808 0.066143 0.987225
v 3.482155 0.038722 0.987225
v 2.924751 0.063343 0.987225
v 2.851324 0.036051 0.987225
v 4.177546 -0.013283 0.987225
v 4.179873 -0.028280 0.987225
v 3.490307 0.006673 1.000000
v 3.125018 0.030170 1.000000
v 2.941218 0.029161 1.000000
v 2.846251 -0.021926 1.000000
v 2.874777 0.007023 1.000000
v 2.824450 -0.052796 0.987225
v 2.824450 -0.052796 1.013498
v 3.948677 -0.020793 1.000000
v 1.676956 -0.003767 1.000000
v 2.748136 -0.148065 1.013498
v 2.790748 -0.073488 0.987225
v 1.605765 -0.169153 0.987225
v 1.368186 -0.169153 1.000550
v 2.748139 -0.148065 0.987225
v 2.777436 -0.109053 0.987225
v 2.790748 -0.073488 1.013498
v 2.777436 -0.109053 1.013498
v 2.806396 -0.046285 1.013498
v 2.806396 -0.046285 0.987225
v 1.653964 -0.084506 1.000000
v 1.623128 -0.128674 1.000000
v 1.394470 -0.130627 0.987225
v 1.423628 -0.088524 0.987225
v 1.437129 -0.050620 0.987225
v 1.667664 -0.045321 1.000000
v 1.600322 -0.169153 1.013498
v 2.645201 -0.169153 1.013498
v 2.729697 -0.025978 1.000000
v 2.674536 -0.116961 1.000000
v 2.709542 -0.065271 1.000000
v 2.645473 -0.169153 0.987225
v 2.763907 0.027960 1.000000
v 2.794191 -0.005879 1.000000
v 2.696946 -0.168309 0.987225
v 2.744555 -0.087148 1.000000
v 2.710817 -0.126957 1.000000
v 2.761193 -0.050742 1.000000
v 2.696852 -0.168309 1.013498
v 2.595908 -0.169153 1.013498
v 2.665679 -0.005388 1.000000
v 2.620205 -0.110194 1.000000
v 2.647047 -0.048828 1.000000
v 2.596418 -0.169153 0.987225
v 2.692503 0.052829 1.000000
v 2.427637 -0.169153 1.013498
v 2.486940 -0.003666 1.000000
v 2.443736 -0.112409 1.000000
v 2.471501 -0.050238 1.000000
v 2.429025 -0.169153 0.987225
v 2.504803 0.054321 1.000000
v 2.060736 -0.169153 1.013498
v 2.124104 -0.023218 1.000000
v 2.076299 -0.120901 1.000000
v 2.109499 -0.067238 1.000000
v 2.063957 -0.169153 0.987225
v 2.137452 0.028157 1.000000
v 2.802996 0.000248 0.987225
v 1.678574 0.004590 0.987225
v 2.508484 0.066143 0.987225
v 2.140137 0.038722 0.987225
v 2.697541 0.063343 0.987225
v 2.770968 0.036051 0.987225
v 1.444747 -0.013283 0.987225
v 1.442419 -0.028280 0.987225
v 2.131985 0.006673 1.000000
v 2.497274 0.030170 1.000000
v 2.681074 0.029161 1.000000
v 2.776042 -0.021926 1.000000
v 2.747515 0.007023 1.000000
v 2.797842 -0.052796 0.987225
v 2.797842 -0.052796 1.013498
v 1.673615 -0.020793 1.000000
v 3.945336 -0.003767 -1.000000
v 2.874156 -0.148065 -1.013498
v 2.831544 -0.073488 -0.987225
v 4.016527 -0.169153 -0.987225
v 4.260666 -0.169153 -0.337958
v 4.260666 -0.149515 -0.337959
v 4.254106 -0.169153 -1.000550
v 4.190536 -0.067610 0.329075
v 4.260666 -0.149515 0.337958
v 4.247545 -0.149515 -0.329075
v 2.874153 -0.148065 -0.987225
v 2.844856 -0.109053 -0.987225
v 2.831544 -0.073488 -1.013498
v 2.844856 -0.109053 -1.013498
v 2.815896 -0.046285 -1.013498
v 2.815896 -0.046285 -0.987225
v 4.247545 -0.149515 0.329075
v 3.968328 -0.084506 -1.000000
v 3.999164 -0.128674 -1.000000
v 4.227822 -0.130627 -0.987225
v 4.198664 -0.088524 -0.987225
v 4.185163 -0.050620 -0.987225
v 3.954628 -0.045321 -1.000000
v 4.021970 -0.169153 -1.013498
v 2.977091 -0.169153 -1.013498
v 2.892596 -0.025978 -1.000000
v 2.947757 -0.116961 -1.000000
v 2.912750 -0.065271 -1.000000
v 2.896936 -0.162398 0.329075
v 2.976819 -0.169153 -0.987225
v 2.858385 0.027960 -1.000000
v 2.828101 -0.005879 -1.000000
v 2.925346 -0.168309 -0.987225
v 2.877737 -0.087148 -1.000000
v 2.911475 -0.126957 -1.000000
v 2.861099 -0.050742 -1.000000
v 2.925440 -0.168309 -1.013498
v 2.896936 -0.162398 -0.329075
v 2.828046 -0.060525 0.329075
v 3.026384 -0.169153 -1.013498
v 2.956613 -0.005388 -1.000000
v 3.002087 -0.110194 -1.000000
v 2.975245 -0.048828 -1.000000
v 3.025874 -0.169153 -0.987225
v 2.929789 0.052829 -1.000000
v 2.828046 -0.060525 -0.329075
v 3.194655 -0.169153 -1.013498
v 3.135352 -0.003666 -1.000000
v 3.178556 -0.112409 -1.000000
v 3.150791 -0.050238 -1.000000
v 3.193267 -0.169153 -0.987225
v 3.117489 0.054321 -1.000000
v 4.247545 -0.169153 0.329075
v 3.561556 -0.169153 -1.013498
v 3.498188 -0.023218 -1.000000
v 3.545993 -0.120901 -1.000000
v 3.512793 -0.067238 -1.000000
v 3.558335 -0.169153 -0.987225
v 3.484840 0.028157 -1.000000
v 2.811278 -0.015052 -0.675665
v 2.811208 -0.044537 -0.329075
v 2.819296 0.000248 -0.987225
v 3.943717 0.004590 -0.987225
v 3.113808 0.066143 -0.987225
v 3.482155 0.038722 -0.987225
v 2.924751 0.063343 -0.987225
v 2.851324 0.036051 -0.987225
v 4.177546 -0.013283 -0.987225
v 4.179873 -0.028280 -0.987225
v 3.490307 0.006673 -1.000000
v 3.125018 0.030170 -1.000000
v 2.941218 0.029161 -1.000000
v 2.846251 -0.021926 -1.000000
v 2.874777 0.007023 -1.000000
v 4.247545 -0.169153 -0.329075
v 2.824450 -0.052796 -0.987225
v 2.824450 -0.052796 -1.013498
v 3.948677 -0.020793 -1.000000
v 1.676956 -0.003767 -1.000000
v 2.748136 -0.148065 -1.013498
v 2.790748 -0.073488 -0.987225
v 1.605765 -0.169153 -0.987225
v 1.368186 -0.169153 -1.000550
v 2.748139 -0.148065 -0.987225
v 2.777436 -0.109053 -0.987225
v 2.790748 -0.073488 -1.013498
v 2.777436 -0.109053 -1.013498
v 2.806396 -0.046285 -1.013498
v 2.806396 -0.046285 -0.987225
v 1.653964 -0.084506 -1.000000
v 1.623128 -0.128674 -1.000000
v 1.394470 -0.130627 -0.987225
v 1.423628 -0.088524 -0.987225
v 1.437129 -0.050620 -0.987225
v 1.667664 -0.045321 -1.000000
v 1.600322 -0.169153 -1.013498
v 2.645201 -0.169153 -1.013498
v 2.729697 -0.025978 -1.000000
v 2.674536 -0.116961 -1.000000
v 2.709542 -0.065271 -1.000000
v 2.645473 -0.169153 -0.987225
v 2.763907 0.027960 -1.000000
v 2.794191 -0.005879 -1.000000
v 2.696946 -0.168309 -0.987225
v 2.744555 -0.087148 -1.000000
v 2.710817 -0.126957 -1.000000
v 2.761193 -0.050742 -1.000000
v 2.696852 -0.168309 -1.013498
v 2.595908 -0.169153 -1.013498
v 2.665679 -0.005388 -1.000000
v 2.620205 -0.110194 -1.000000
v 2.647047 -0.048828 -1.000000
v 2.596418 -0.169153 -0.987225
v 2.692503 0.052829 -1.000000
v 2.427637 -0.169153 -1.013498
v 2.486940 -0.003666 -1.000000
v 2.443736 -0.112409 -1.000000
v 2.471501 -0.050238 -1.000000
v 2.429025 -0.169153 -0.987225
v 2.504803 0.054321 -1.000000
v 2.060736 -0.169153 -1.013498
v 2.124104 -0.023218 -1.000000
v 2.076299 -0.120901 -1.000000
v 2.109499 -0.067238 -1.000000
v 2.063957 -0.169153 -0.987225
v 2.137452 0.028157 -1.000000
v 2.802996 0.000248 -0.987225
v 1.678574 0.004590 -0.987225
v 2.508484 0.066143 -0.987225
v 2.140137 0.038722 -0.987225
v 2.697541 0.063343 -0.987225
v 2.770968 0.036051 -0.987225
v 1.444747 -0.013283 -0.987225
v 1.442419 -0.028280 -0.987225
v 2.131985 0.006673 -1.000000
v 2.497274 0.030170 -1.000000
v 2.681074 0.029161 -1.000000
v 2.776042 -0.021926 -1.000000
v 2.747515 0.007023 -1.000000
v 2.797842 -0.052796 -0.987225
v 2.797842 -0.052796 -1.013498
v 1.673615 -0.020793 -1.000000
v 4.254627 -0.169153 1.026995
v 4.241564 -0.169153 1.000000
v 4.204895 -0.110366 1.000000
v 4.175838 -0.037580 1.000000
v 4.254731 -0.149515 1.026995
v 4.241668 -0.149515 1.000000
v 3.710994 0.018932 -0.329075
v 4.184570 -0.067495 1.000000
v 4.170416 -0.005663 1.000000
v 4.172651 -0.020410 1.000000
v 4.254627 -0.169153 -1.026995
v 4.241564 -0.169153 -1.000000
v 4.204895 -0.110366 -1.000000
v 4.175838 -0.037580 -1.000000
v 4.254731 -0.149515 -1.026995
v 4.241668 -0.149515 -1.000000
v 4.184570 -0.067495 -1.000000
v 4.170416 -0.005663 -1.000000
v 4.172651 -0.020410 -1.000000
v 4.171534 -0.013036 1.000000
v 4.241564 -0.169153 0.987225
v 4.192700 -0.088420 1.000000
v 4.221902 -0.130576 1.000000
v 4.179194 -0.050483 1.000000
v 4.248096 -0.169153 1.013498
v 4.170416 -0.005663 0.987225
v 4.173887 -0.028086 1.000000
v 4.171534 -0.013036 -1.000000
v 4.241564 -0.169153 -0.987225
v 4.192700 -0.088420 -1.000000
v 4.221902 -0.130576 -1.000000
v 4.179194 -0.050483 -1.000000
v 4.248096 -0.169153 -1.013498
v 3.710994 0.018932 0.329075
v 4.170416 -0.005663 -0.987225
v 4.173887 -0.028086 -1.000000
v 1.370069 -0.169153 1.026995
v 1.383109 -0.169153 1.000000
v 1.419767 -0.110331 1.000000
v 1.448833 -0.037513 1.000000
v 1.369924 -0.149515 1.026995
v 1.382964 -0.149515 1.000000
v 1.440097 -0.067449 1.000000
v 1.454274 -0.005554 1.000000
v 1.452029 -0.020322 1.000000
v 1.370069 -0.169153 -1.026995
v 1.383109 -0.169153 -1.000000
v 1.419767 -0.110332 -1.000000
v 1.448833 -0.037513 -1.000000
v 1.369924 -0.149515 -1.026995
v 1.382964 -0.149515 -1.000000
v 1.440097 -0.067449 -1.000000
v 1.454274 -0.005554 -1.000000
v 1.452029 -0.020322 -1.000000
v 1.453151 -0.012938 1.000000
v 1.383109 -0.169153 0.987225
v 1.431965 -0.088379 1.000000
v 1.402746 -0.130556 1.000000
v 1.445474 -0.050428 1.000000
v 1.376589 -0.169153 1.013498
v 1.454274 -0.005554 0.987225
v 1.450787 -0.028009 1.000000
v 1.453152 -0.012938 -1.000000
v 1.383109 -0.169153 -0.987225
v 1.431965 -0.088379 -1.000000
v 1.402746 -0.130556 -1.000000
v 1.445474 -0.050428 -1.000000
v 1.376589 -0.169153 -1.013498
v 1.454274 -0.005554 -0.987225
v 1.450787 -0.028009 -1.000000
v 1.444747 -0.013283 0.329075
v 1.444747 -0.013283 -0.329075
v 1.442419 -0.028280 0.329075
v 1.442419 -0.028280 -0.329075
v 2.797842 -0.052796 0.329075
v 2.797842 -0.052796 -0.329075
v 2.063957 -0.169153 0.329075
v 2.063957 -0.169153 -0.329075
v 2.697541 0.063343 0.329075
v 2.697541 0.063343 -0.329075
v 2.429025 -0.169153 0.329075
v 2.429025 -0.169153 -0.329075
v 2.596418 -0.169153 0.329075
v 2.596418 -0.169153 -0.329075
v 2.696946 -0.168309 0.329075
v 2.696946 -0.168309 -0.329075
v 2.645473 -0.169153 0.329075
v 2.645473 -0.169153 -0.329075
v 2.508484 0.066143 0.329075
v 2.508484 0.066143 -0.329075
v 2.802996 0.000248 0.329075
v 2.802996 0.000248 -0.329075
v 1.437129 -0.050620 0.329075
v 1.437129 -0.050620 -0.329075
v 2.806396 -0.046285 0.329075
v 2.806396 -0.046285 -0.329075
v 1.836782 -0.169153 0.329075
v 1.836782 -0.169153 -0.329075
v 2.268075 -0.169153 0.329075
v 2.268075 -0.169153 -0.329075
v 2.538476 -0.169153 0.329075
v 2.538476 -0.169153 -0.329075
v 2.668631 -0.169153 0.329075
v 2.668631 -0.169153 -0.329075
v 2.624336 -0.169153 0.329075
v 2.624336 -0.169153 -0.329075
v 1.445851 -0.005935 -0.329075
v 1.445851 -0.005935 0.329075
v 1.423628 -0.088524 0.329075
v 1.423628 -0.088524 -0.329075
v 2.345668 0.056868 -0.329075
v 2.345668 0.056868 0.329075
v 1.443642 -0.020630 0.329075
v 1.443642 -0.020630 -0.329075
v 2.741327 0.052927 0.329075
v 2.741327 0.052927 -0.329075
v 2.624779 0.067534 0.329075
v 2.624779 0.067534 -0.329075
v 2.777436 -0.109053 0.329075
v 2.777436 -0.109053 -0.329075
v 2.748139 -0.148065 0.329075
v 2.748139 -0.148065 -0.329075
v 2.801895 -0.048730 -0.329075
v 2.801895 -0.048730 0.329075
v 1.911298 0.018932 0.329075
v 1.911298 0.018932 -0.329075
v 1.605765 -0.169153 0.329075
v 1.605765 -0.169153 -0.329075
v 1.368186 -0.169153 0.333517
v 1.368186 -0.169153 -0.333517
v 2.790748 -0.073488 0.329075
v 2.790748 -0.073488 -0.329075
v 1.431756 -0.067610 0.329075
v 1.431756 -0.067610 -0.329075
v 2.790818 0.017061 -0.329075
v 2.790818 0.017061 0.329075
v 1.440480 -0.037746 0.329075
v 1.440480 -0.037746 -0.329075
v 1.411447 -0.110454 0.329075
v 1.411447 -0.110454 -0.329075
v 2.785717 -0.090296 -0.329075
v 2.785717 -0.090296 0.329075
v 2.765129 -0.128799 -0.329075
v 2.765129 -0.128799 0.329075
v 1.361626 -0.169153 -0.337958
v 1.361626 -0.169153 0.337959
v 1.394470 -0.130627 0.329075
v 1.394470 -0.130627 -0.329075
v 1.361626 -0.149515 0.337958
v 1.361626 -0.149515 -0.337959
v 2.725356 -0.162398 -0.329075
v 2.725356 -0.162398 0.329075
v 2.794246 -0.060525 -0.329075
v 2.794246 -0.060525 0.329075
v 1.678574 0.004590 0.329075
v 1.678574 0.004590 -0.329075
v 2.140137 0.038722 0.329075
v 2.140137 0.038722 -0.329075
v 2.770968 0.036051 0.329075
v 2.770968 0.036051 -0.329075
v 1.383109 -0.169153 0.329075
v 1.383109 -0.169153 -0.329075
v 1.374747 -0.149515 0.329075
v 1.374747 -0.149515 -0.329075
v 1.374747 -0.169153 -0.329075
v 1.374747 -0.169153 0.329075
v 1.454274 -0.005554 -0.329075
v 1.454274 -0.005554 0.329075
v 2.976819 -0.169153 0.329075
v 2.976819 -0.169153 -0.329075
v 2.925346 -0.168309 0.329075
v 2.925346 -0.168309 -0.329075
v 3.025874 -0.169153 0.329075
v 3.025874 -0.169153 -0.329075
v 3.193267 -0.169153 0.329075
v 3.193267 -0.169153 -0.329075
v 3.558335 -0.169153 0.329075
v 3.558335 -0.169153 -0.329075
v 2.824450 -0.052796 0.329075
v 2.824450 -0.052796 -0.329075
v 4.241564 -0.169153 -0.329075
v 4.241564 -0.169153 0.329075
v 4.176441 -0.005935 -0.329075
v 4.176441 -0.005935 0.329075
v 2.997513 0.067534 0.329075
v 2.997513 0.067534 -0.329075
v 3.276624 0.056868 -0.329075
v 3.276624 0.056868 0.329075
v 2.880965 0.052927 0.329075
v 2.880965 0.052927 -0.329075
v 4.178650 -0.020630 0.329075
v 4.178650 -0.020630 -0.329075
v 4.227822 -0.130627 0.329075
v 4.227822 -0.130627 -0.329075
v 4.198664 -0.088524 0.329075
v 4.198664 -0.088524 -0.329075
v 4.185163 -0.050620 0.329075
v 4.185163 -0.050620 -0.329075
v 2.819296 0.000248 0.329075
v 2.819296 0.000248 -0.329075
v 3.943717 0.004590 0.329075
v 3.943717 0.004590 -0.329075
v 3.113808 0.066143 0.329075
v 3.113808 0.066143 -0.329075
v 3.482155 0.038722 0.329075
v 3.482155 0.038722 -0.329075
v 2.924751 0.063343 0.329075
v 2.924751 0.063343 -0.329075
v 2.851324 0.036051 0.329075
v 2.851324 0.036051 -0.329075
v 4.177546 -0.013283 0.329075
v 4.177546 -0.013283 -0.329075
v 4.179873 -0.028280 0.329075
v 4.179873 -0.028280 -0.329075
v 4.170416 -0.005663 0.329075
v 4.170416 -0.005663 -0.329075
vt 0.901554 0.637433
vt 0.899344 0.603451
vt 0.902371 0.606555
vt 0.904858 0.640769
vt 0.897133 0.569470
vt 0.894922 0.535489
vt 0.897397 0.538127
vt 0.899884 0.572341
vt 0.899872 0.540766
vt 0.902635 0.575212
vt 0.905398 0.609658
vt 0.908162 0.644105
vt 0.030749 0.496543
vt 0.037076 0.496321
vt 0.037192 0.499614
vt 0.030919 0.499891
vt 0.043632 0.496162
vt 0.043711 0.499431
vt 0.043795 0.502683
vt 0.037323 0.502882
vt 0.031126 0.503204
vt 0.019558 0.497073
vt 0.014758 0.497287
vt 0.014737 0.493591
vt 0.019440 0.493636
vt 0.010756 0.497433
vt 0.011028 0.493320
vt 0.020081 0.333538
vt 0.015827 0.333543
vt 0.025051 0.333530
vt 0.024755 0.493529
vt 0.373238 0.333067
vt 0.375991 0.334824
vt 0.385237 0.488058
vt 0.382708 0.483978
vt 0.942567 0.502870
vt 0.947402 0.502870
vt 0.947402 0.506100
vt 0.942567 0.506100
vt 0.001304 0.492924
vt 0.003580 0.492831
vt 0.004042 0.497846
vt 0.002205 0.498334
vt 0.900808 0.376075
vt 0.894385 0.379568
vt 0.894319 0.378124
vt 0.900743 0.374644
vt 0.380574 0.484231
vt 0.383124 0.488095
vt 0.381190 0.488308
vt 0.259815 0.491849
vt 0.318302 0.489824
vt 0.318490 0.493200
vt 0.259883 0.495035
vt 0.928465 0.327664
vt 0.921238 0.328770
vt 0.920888 0.323186
vt 0.927931 0.322830
vt 0.937756 0.354357
vt 0.931326 0.357181
vt 0.928996 0.352797
vt 0.935686 0.349741
vt 0.950633 0.496307
vt 0.950633 0.499453
vt 0.921060 0.318206
vt 0.927815 0.318355
vt 0.924576 0.341998
vt 0.917595 0.344722
vt 0.915518 0.338356
vt 0.922570 0.335329
vt 0.922651 0.355029
vt 0.920093 0.350325
vt 0.926699 0.347792
vt 0.385645 0.492167
vt 0.378794 0.336613
vt 0.387749 0.492144
vt 0.012572 0.333545
vt 0.387989 0.496180
vt 0.887708 0.026736
vt 0.881505 0.024436
vt 0.884052 0.020706
vt 0.890058 0.022490
vt 0.931572 0.339593
vt 0.929712 0.333493
vt 0.933591 0.344938
vt 0.941095 0.364642
vt 0.941648 0.367444
vt 0.934938 0.368586
vt 0.934637 0.366011
vt 0.914703 0.331584
vt 0.928617 0.366543
vt 0.928640 0.365228
vt 0.935154 0.371245
vt 0.928449 0.367820
vt 0.036985 0.493188
vt 0.043571 0.493056
vt 0.030626 0.493358
vt 0.043438 0.333499
vt 0.036915 0.333511
vt 0.942567 0.336430
vt 0.947403 0.336430
vt 0.024896 0.496807
vt 0.030690 0.333521
vt 0.006699 0.174090
vt 0.004819 0.014557
vt 0.007162 0.014363
vt 0.009480 0.174068
vt 0.015008 0.501198
vt 0.011044 0.501643
vt 0.019819 0.500714
vt 0.020232 0.504294
vt 0.015508 0.505016
vt 0.011672 0.505726
vt 0.025121 0.500265
vt 0.025429 0.503674
vt 0.005925 0.497658
vt 0.006468 0.502255
vt 0.004751 0.502530
vt 0.007238 0.506614
vt 0.005574 0.506944
vt 0.003896 0.507085
vt 0.003062 0.502845
vt 0.894108 0.029635
vt 0.896107 0.025319
vt 0.005808 0.492853
vt 0.392476 0.333806
vt 0.389696 0.333794
vt 0.389406 0.174196
vt 0.392189 0.174200
vt 0.003923 0.174113
vt 0.002586 0.014609
vt 0.915443 0.324390
vt 0.916214 0.317475
vt 0.941951 0.370201
vt 0.928100 0.308936
vt 0.921544 0.308479
vt 0.921857 0.301593
vt 0.928399 0.302134
vt 0.922537 0.286620
vt 0.917161 0.299777
vt 0.917808 0.285567
vt 0.916843 0.306622
vt 0.888340 0.624089
vt 0.885036 0.620753
vt 0.884207 0.587934
vt 0.887234 0.591037
vt 0.881732 0.617417
vt 0.881179 0.584830
vt 0.883378 0.555114
vt 0.880627 0.552243
vt 0.880074 0.519656
vt 0.882549 0.522295
vt 0.886129 0.557985
vt 0.885023 0.524933
vt 0.878428 0.614081
vt 0.878152 0.581726
vt 0.875125 0.610745
vt 0.875125 0.578623
vt 0.877876 0.549372
vt 0.875125 0.546501
vt 0.875124 0.514378
vt 0.877599 0.517017
vt 0.804503 0.001608
vt 0.810732 0.001628
vt 0.810725 0.004648
vt 0.804487 0.004632
vt 0.817184 0.001638
vt 0.817180 0.004656
vt 0.793243 0.001445
vt 0.798571 0.001561
vt 0.798535 0.004600
vt 0.793158 0.004551
vt 0.785518 0.001027
vt 0.788895 0.001260
vt 0.788803 0.004512
vt 0.785427 0.004549
vt 0.894947 0.630761
vt 0.891643 0.627425
vt 0.890262 0.594141
vt 0.893289 0.597244
vt 0.888880 0.560856
vt 0.887498 0.527572
vt 0.891631 0.563728
vt 0.889973 0.530211
vt 0.320118 0.496706
vt 0.261028 0.498383
vt 0.383760 0.492333
vt 0.386116 0.496290
vt 0.321741 0.500245
vt 0.262170 0.501741
vt 0.057514 0.495993
vt 0.063112 0.495963
vt 0.063192 0.499223
vt 0.057582 0.499253
vt 0.068222 0.495946
vt 0.068321 0.499208
vt 0.068418 0.502467
vt 0.063271 0.502479
vt 0.057648 0.502505
vt 0.908212 0.898894
vt 0.902697 0.893698
vt 0.901316 0.860414
vt 0.906554 0.865377
vt 0.897183 0.888504
vt 0.896078 0.855452
vt 0.894972 0.822400
vt 0.899934 0.827130
vt 0.904895 0.831860
vt 0.886154 0.878114
vt 0.880640 0.872919
vt 0.880364 0.840564
vt 0.885602 0.845527
vt 0.875126 0.867724
vt 0.875126 0.835601
vt 0.875125 0.803479
vt 0.880087 0.808209
vt 0.885049 0.812939
vt 0.891669 0.883309
vt 0.890840 0.850489
vt 0.890010 0.817670
vt 0.921314 0.313479
vt 0.916582 0.311804
vt 0.927912 0.313837
vt 0.929071 0.287311
vt 0.115178 0.173892
vt 0.114659 0.014263
vt 0.153696 0.014191
vt 0.154289 0.173919
vt 0.057052 0.173958
vt 0.056619 0.014384
vt 0.062232 0.014393
vt 0.062666 0.173947
vt 0.063099 0.492874
vt 0.068214 0.492857
vt 0.057492 0.492903
vt 0.919240 0.909284
vt 0.917030 0.875302
vt 0.922268 0.880265
vt 0.924755 0.914478
vt 0.914819 0.841321
vt 0.919780 0.846051
vt 0.924742 0.850781
vt 0.927506 0.885227
vt 0.930269 0.919673
vt 0.923662 0.977246
vt 0.921451 0.943265
vt 0.927242 0.948692
vt 0.929729 0.982906
vt 0.933033 0.954120
vt 0.935796 0.988566
vt 0.074560 0.173925
vt 0.074114 0.014379
vt 0.088145 0.014341
vt 0.088613 0.173905
vt 0.043149 0.173984
vt 0.042677 0.014272
vt 0.049743 0.014348
vt 0.050185 0.173971
vt 0.050626 0.492961
vt 0.050663 0.496055
vt 0.899394 0.954607
vt 0.893327 0.948947
vt 0.892498 0.916128
vt 0.898288 0.921555
vt 0.887260 0.943288
vt 0.886707 0.910701
vt 0.881193 0.937628
vt 0.880916 0.905273
vt 0.875126 0.931968
vt 0.875126 0.899846
vt 0.911528 0.965927
vt 0.905461 0.960267
vt 0.904079 0.926983
vt 0.909870 0.932410
vt 0.050728 0.499316
vt 0.050793 0.502565
vt 0.925708 0.216859
vt 0.923840 0.257942
vt 0.919028 0.258720
vt 0.920822 0.219253
vt 0.930362 0.258913
vt 0.932212 0.218231
vt 0.927989 0.166680
vt 0.934471 0.168542
vt 0.930483 0.111815
vt 0.923097 0.169218
vt 0.925628 0.113542
vt 0.074973 0.495933
vt 0.075101 0.499196
vt 0.088986 0.495918
vt 0.089185 0.499183
vt 0.089384 0.502447
vt 0.075228 0.502458
vt 0.898552 0.793846
vt 0.903237 0.798344
vt 0.893867 0.789348
vt 0.892761 0.756296
vt 0.897170 0.760562
vt 0.901579 0.764827
vt 0.879811 0.775854
vt 0.884496 0.780352
vt 0.875125 0.771357
vt 0.875125 0.739234
vt 0.879534 0.743500
vt 0.883943 0.747765
vt 0.889181 0.784850
vt 0.888352 0.752031
vt 0.067353 0.014390
vt 0.067791 0.173937
vt 0.074968 0.492844
vt 0.088984 0.492827
vt 0.912608 0.807339
vt 0.917293 0.811837
vt 0.910397 0.773358
vt 0.914806 0.777623
vt 0.919215 0.781889
vt 0.921979 0.816335
vt 0.935477 0.001965
vt 0.933013 0.056170
vt 0.928202 0.056925
vt 0.930710 0.001774
vt 0.936940 0.114212
vt 0.939446 0.059110
vt 0.115468 0.495898
vt 0.115807 0.499165
vt 0.154453 0.495849
vt 0.154997 0.499123
vt 0.155541 0.502398
vt 0.116146 0.502433
vt 0.895789 0.727278
vt 0.899921 0.731311
vt 0.891656 0.723244
vt 0.890550 0.690193
vt 0.894407 0.693993
vt 0.898263 0.697794
vt 0.879258 0.711145
vt 0.883390 0.715178
vt 0.875125 0.707112
vt 0.875125 0.674990
vt 0.878981 0.678790
vt 0.882838 0.682591
vt 0.887523 0.719211
vt 0.886694 0.686392
vt 0.203982 0.174044
vt 0.203379 0.014321
vt 0.259270 0.015166
vt 0.259422 0.174327
vt 0.115465 0.492805
vt 0.154445 0.492749
vt 0.908187 0.739377
vt 0.912319 0.743410
vt 0.905976 0.705395
vt 0.909832 0.709196
vt 0.913689 0.712997
vt 0.916452 0.747443
vt 0.939361 0.358472
vt 0.940419 0.361752
vt 0.934099 0.363477
vt 0.933147 0.360684
vt 0.941886 0.005434
vt 0.928310 0.363769
vt 0.927222 0.361782
vt 0.204066 0.495665
vt 0.204876 0.498959
vt 0.205685 0.502255
vt 0.893025 0.660709
vt 0.896605 0.664277
vt 0.889445 0.657141
vt 0.878705 0.646436
vt 0.882285 0.650004
vt 0.875125 0.642868
vt 0.885865 0.653572
vt 0.370541 0.333136
vt 0.315551 0.332726
vt 0.204043 0.492544
vt 0.903765 0.671414
vt 0.907345 0.674982
vt 0.910925 0.678551
vt 0.731870 0.672992
vt 0.736144 0.672993
vt 0.736138 0.834682
vt 0.731863 0.834682
vt 0.001143 0.174109
vt 0.004238 0.333581
vt 0.001461 0.333569
vt 0.351091 0.998209
vt 0.346855 0.998073
vt 0.346853 0.994941
vt 0.351089 0.994938
vt 0.341764 0.998077
vt 0.341762 0.994944
vt 0.346750 0.833539
vt 0.350985 0.833538
vt 0.121912 0.998032
vt 0.063431 0.997084
vt 0.063549 0.993770
vt 0.121944 0.994857
vt 0.002266 0.994093
vt 0.000308 0.994109
vt 0.000330 0.990066
vt 0.002488 0.990154
vt 0.297753 0.998111
vt 0.269230 0.998141
vt 0.269227 0.995007
vt 0.297750 0.994978
vt 0.229224 0.998186
vt 0.229222 0.995050
vt 0.178553 0.998210
vt 0.178557 0.995067
vt 0.326663 0.998087
vt 0.315625 0.998096
vt 0.315623 0.994963
vt 0.326660 0.994954
vt 0.335027 0.998081
vt 0.335025 0.994949
vt 0.777569 0.004723
vt 0.774961 0.004680
vt 0.775183 0.000308
vt 0.777726 0.000437
vt 0.780114 0.004727
vt 0.780239 0.000600
vt 0.982625 0.359781
vt 0.975630 0.362186
vt 0.973624 0.355517
vt 0.980766 0.353680
vt 0.782673 0.004645
vt 0.782691 0.000779
vt 0.900185 0.667846
vt 0.902120 0.701595
vt 0.898251 0.634097
vt 0.904054 0.735344
vt 0.905988 0.769093
vt 0.907923 0.802842
vt 0.909857 0.836591
vt 0.915660 0.937837
vt 0.917595 0.971586
vt 0.913726 0.904089
vt 0.911792 0.870340
vt 0.941951 0.004007
vt 0.935543 0.000524
vt 0.366015 0.525616
vt 0.359812 0.523316
vt 0.362360 0.519586
vt 0.368365 0.521371
vt 0.364434 0.516762
vt 0.370185 0.517969
vt 0.007957 0.497534
vt 0.008148 0.493016
vt 0.010038 0.014036
vt 0.012263 0.174051
vt 0.008353 0.501986
vt 0.009065 0.506250
vt 0.896316 0.600348
vt 0.892447 0.532850
vt 0.894382 0.566599
vt 0.841322 0.635708
vt 0.837969 0.639094
vt 0.840469 0.604706
vt 0.843544 0.601553
vt 0.834616 0.642481
vt 0.837394 0.607859
vt 0.842968 0.570318
vt 0.840171 0.573237
vt 0.842948 0.538615
vt 0.845467 0.535929
vt 0.845766 0.567399
vt 0.847987 0.533244
vt 0.418141 0.010775
vt 0.418312 0.007416
vt 0.424599 0.007692
vt 0.424487 0.010993
vt 0.418523 0.004096
vt 0.424728 0.004419
vt 0.431208 0.004608
vt 0.431131 0.007865
vt 0.431058 0.011141
vt 0.406899 0.010234
vt 0.406779 0.013688
vt 0.402058 0.013737
vt 0.402057 0.010022
vt 0.408057 0.174122
vt 0.412120 0.013799
vt 0.413034 0.174112
vt 0.403796 0.174131
vt 0.398354 0.014020
vt 0.398049 0.009902
vt 0.956085 0.000308
vt 0.956085 0.003538
vt 0.951250 0.003538
vt 0.951250 0.000308
vt 0.358248 0.549368
vt 0.351706 0.546547
vt 0.352538 0.539769
vt 0.359571 0.542807
vt 0.390913 0.014586
vt 0.388605 0.014492
vt 0.389443 0.009107
vt 0.391326 0.009567
vt 0.647642 0.014775
vt 0.647703 0.011590
vt 0.706174 0.013314
vt 0.706004 0.016662
vt 0.766732 0.021474
vt 0.767159 0.017620
vt 0.769715 0.017862
vt 0.769309 0.021782
vt 0.992998 0.024188
vt 0.992907 0.026183
vt 0.986499 0.022720
vt 0.986590 0.020706
vt 0.374414 0.524199
vt 0.376118 0.520392
vt 0.364846 0.559803
vt 0.358075 0.559955
vt 0.357900 0.554963
vt 0.364961 0.555317
vt 0.365494 0.550469
vt 0.354657 0.533423
vt 0.361538 0.536168
vt 0.761148 0.174900
vt 0.771746 0.017882
vt 0.763918 0.173114
vt 0.772115 0.013876
vt 0.774342 0.009892
vt 0.774181 0.013867
vt 0.400536 0.174140
vt 0.766736 0.171296
vt 0.785874 0.315802
vt 0.785428 0.471453
vt 0.782673 0.471369
vt 0.783160 0.315806
vt 0.780113 0.471302
vt 0.780449 0.315814
vt 0.036077 0.014153
vt 0.036623 0.173997
vt 0.030395 0.174010
vt 0.029698 0.013989
vt 0.959316 0.010101
vt 0.959316 0.006955
vt 0.366735 0.544622
vt 0.368569 0.538492
vt 0.363696 0.530482
vt 0.370463 0.533159
vt 0.372415 0.528515
vt 0.379112 0.508949
vt 0.378709 0.511703
vt 0.372191 0.510351
vt 0.372484 0.507700
vt 0.357213 0.527904
vt 0.365939 0.512133
vt 0.365805 0.510848
vt 0.352443 0.553756
vt 0.431004 0.014254
vt 0.424399 0.014135
vt 0.956085 0.336421
vt 0.956086 0.502867
vt 0.951250 0.502867
vt 0.951250 0.336421
vt 0.424915 0.174089
vt 0.431447 0.174077
vt 0.418017 0.013971
vt 0.412265 0.010506
vt 0.398034 0.333779
vt 0.396395 0.493358
vt 0.394058 0.493196
vt 0.395255 0.333792
vt 0.418682 0.174101
vt 0.398294 0.005644
vt 0.402316 0.006075
vt 0.398867 0.001476
vt 0.402841 0.002196
vt 0.407603 0.002965
vt 0.407168 0.006570
vt 0.412497 0.007035
vt 0.412817 0.003613
vt 0.393204 0.009737
vt 0.391923 0.004872
vt 0.393657 0.005109
vt 0.390183 0.004597
vt 0.390889 0.000308
vt 0.392618 0.000402
vt 0.394312 0.000686
vt 0.990413 0.378660
vt 0.984200 0.380870
vt 0.982380 0.377368
vt 0.988809 0.374545
vt 0.391836 0.493176
vt 0.393141 0.014536
vt 0.371809 0.512852
vt 0.365918 0.513423
vt 0.358562 0.569706
vt 0.358878 0.576610
vt 0.354171 0.578432
vt 0.353850 0.571569
vt 0.366116 0.590927
vt 0.359564 0.591622
vt 0.365437 0.576065
vt 0.378065 0.514426
vt 0.353217 0.560689
vt 0.358330 0.564693
vt 0.353587 0.566374
vt 0.854734 0.622163
vt 0.855845 0.588942
vt 0.858920 0.585790
vt 0.858087 0.618776
vt 0.856956 0.555722
vt 0.858067 0.522502
vt 0.860587 0.519816
vt 0.859753 0.552803
vt 0.863106 0.517131
vt 0.862551 0.549884
vt 0.861995 0.582637
vt 0.861440 0.615390
vt 0.865071 0.579484
vt 0.864793 0.612004
vt 0.865626 0.514446
vt 0.865348 0.546965
vt 0.868146 0.511760
vt 0.868146 0.544046
vt 0.868146 0.576331
vt 0.868146 0.608617
vt 0.847342 0.474415
vt 0.847326 0.471389
vt 0.853566 0.471374
vt 0.853573 0.474394
vt 0.860021 0.471366
vt 0.860025 0.474385
vt 0.836061 0.474554
vt 0.836003 0.471458
vt 0.841371 0.471419
vt 0.841404 0.474461
vt 0.828379 0.474974
vt 0.828270 0.471453
vt 0.831643 0.471480
vt 0.831753 0.474725
vt 0.848028 0.628935
vt 0.849694 0.595248
vt 0.852770 0.592095
vt 0.851381 0.625549
vt 0.851361 0.561560
vt 0.853027 0.527873
vt 0.855547 0.525187
vt 0.854158 0.558641
vt 0.648842 0.008242
vt 0.707768 0.009836
vt 0.649979 0.004884
vt 0.709359 0.006329
vt 0.769543 0.013696
vt 0.771772 0.009804
vt 0.444968 0.011272
vt 0.445025 0.008007
vt 0.450645 0.008018
vt 0.450576 0.011283
vt 0.445081 0.004749
vt 0.450712 0.004757
vt 0.455867 0.004751
vt 0.455782 0.008016
vt 0.455695 0.011283
vt 0.834698 0.898435
vt 0.836365 0.864748
vt 0.841661 0.859726
vt 0.840273 0.893180
vt 0.838031 0.831060
vt 0.843050 0.826272
vt 0.848069 0.821484
vt 0.846958 0.854704
vt 0.845847 0.887924
vt 0.856996 0.877414
vt 0.857552 0.844661
vt 0.862849 0.839639
vt 0.862571 0.872158
vt 0.858107 0.811908
vt 0.863126 0.807120
vt 0.868146 0.802331
vt 0.868146 0.834617
vt 0.868146 0.866903
vt 0.852255 0.849682
vt 0.851422 0.882669
vt 0.853088 0.816696
vt 0.354824 0.592679
vt 0.360880 0.620374
vt 0.356055 0.619595
vt 0.365136 0.569246
vt 0.364945 0.564333
vt 0.542824 0.333534
vt 0.542789 0.493111
vt 0.503781 0.493156
vt 0.503742 0.333613
vt 0.444956 0.014368
vt 0.450573 0.014378
vt 0.455697 0.014377
vt 0.451228 0.333701
vt 0.451375 0.493224
vt 0.445764 0.493253
vt 0.445612 0.333709
vt 0.823549 0.908946
vt 0.817975 0.914201
vt 0.820474 0.879813
vt 0.825771 0.874791
vt 0.812400 0.919456
vt 0.815177 0.884834
vt 0.817954 0.850213
vt 0.822973 0.845424
vt 0.827992 0.840636
vt 0.819106 0.977255
vt 0.812976 0.982977
vt 0.815475 0.948589
vt 0.821327 0.943100
vt 0.806846 0.988700
vt 0.809623 0.954078
vt 0.477180 0.333662
vt 0.477279 0.493177
vt 0.463253 0.493194
vt 0.463125 0.333684
vt 0.438104 0.011231
vt 0.438075 0.014332
vt 0.438743 0.333719
vt 0.438893 0.493310
vt 0.431833 0.493405
vt 0.431706 0.333730
vt 0.843626 0.954365
vt 0.844737 0.921144
vt 0.850589 0.915655
vt 0.849756 0.948642
vt 0.856441 0.910166
vt 0.855886 0.942919
vt 0.862293 0.904678
vt 0.862016 0.937197
vt 0.868145 0.899189
vt 0.868145 0.931474
vt 0.831366 0.965810
vt 0.833032 0.932122
vt 0.838884 0.926634
vt 0.837496 0.960087
vt 0.438160 0.007964
vt 0.438216 0.004709
vt 0.362765 0.661563
vt 0.365067 0.711871
vt 0.360161 0.709327
vt 0.357866 0.659164
vt 0.369285 0.660185
vt 0.367418 0.619398
vt 0.374057 0.764472
vt 0.367584 0.766877
vt 0.371564 0.710002
vt 0.370136 0.822666
vt 0.365313 0.821911
vt 0.362715 0.765148
vt 0.462573 0.008003
vt 0.462456 0.011272
vt 0.462688 0.004735
vt 0.476868 0.004692
vt 0.476682 0.007963
vt 0.476495 0.011235
vt 0.839697 0.797373
vt 0.844438 0.792818
vt 0.841363 0.763685
vt 0.845827 0.759364
vt 0.850291 0.755043
vt 0.849180 0.788264
vt 0.858663 0.779155
vt 0.863404 0.774600
vt 0.859218 0.746402
vt 0.863682 0.742081
vt 0.868146 0.737760
vt 0.868146 0.770046
vt 0.853921 0.783709
vt 0.854754 0.750723
vt 0.456354 0.333694
vt 0.456494 0.493208
vt 0.462463 0.014367
vt 0.476504 0.014331
vt 0.825473 0.811036
vt 0.830214 0.806482
vt 0.820731 0.815591
vt 0.823508 0.780968
vt 0.827972 0.776648
vt 0.832436 0.772327
vt 0.371198 0.515301
vt 0.365550 0.514841
vt 0.372597 0.876436
vt 0.376585 0.819716
vt 0.379021 0.872962
vt 0.503354 0.007879
vt 0.503027 0.011154
vt 0.503681 0.004604
vt 0.543161 0.004492
vt 0.542627 0.007776
vt 0.542093 0.011059
vt 0.843029 0.729998
vt 0.847215 0.725910
vt 0.844696 0.696310
vt 0.848604 0.692457
vt 0.852512 0.688603
vt 0.851402 0.721823
vt 0.859774 0.713649
vt 0.863960 0.709561
vt 0.860329 0.680896
vt 0.864237 0.677042
vt 0.868146 0.673189
vt 0.868146 0.705474
vt 0.855588 0.717736
vt 0.856421 0.684749
vt 0.647691 0.333295
vt 0.648140 0.492437
vt 0.592408 0.492956
vt 0.592430 0.333424
vt 0.503036 0.014253
vt 0.542096 0.014165
vt 0.830471 0.742259
vt 0.834657 0.738172
vt 0.826285 0.746346
vt 0.829062 0.711725
vt 0.832971 0.707871
vt 0.836879 0.704017
vt 0.377295 0.517228
vt 0.367816 0.876619
vt 0.930776 0.000308
vt 0.592614 0.007782
vt 0.591811 0.011084
vt 0.593415 0.004478
vt 0.846362 0.662623
vt 0.849993 0.659003
vt 0.853623 0.655383
vt 0.860884 0.648143
vt 0.864515 0.644523
vt 0.868146 0.640903
vt 0.857254 0.651763
vt 0.758252 0.333482
vt 0.766760 0.486923
vt 0.706339 0.490938
vt 0.703929 0.333209
vt 0.591796 0.014210
vt 0.835470 0.673483
vt 0.839101 0.669863
vt 0.831839 0.677103
vt 0.736173 0.508026
vt 0.736172 0.511303
vt 0.731897 0.511302
vt 0.731898 0.508164
vt 0.726797 0.511301
vt 0.726798 0.508163
vt 0.506788 0.508246
vt 0.506802 0.511405
vt 0.448910 0.511849
vt 0.448874 0.508623
vt 0.506918 0.673009
vt 0.563352 0.511300
vt 0.563346 0.672996
vt 0.391604 0.672818
vt 0.388742 0.512966
vt 0.391258 0.512914
vt 0.394409 0.672787
vt 0.391176 0.509397
vt 0.388756 0.509356
vt 0.682707 0.508155
vt 0.682706 0.511293
vt 0.654133 0.511288
vt 0.654134 0.508150
vt 0.614066 0.511284
vt 0.614065 0.508145
vt 0.563349 0.508157
vt 0.563279 0.834636
vt 0.613997 0.834664
vt 0.614030 0.996450
vt 0.563297 0.996449
vt 0.711669 0.508160
vt 0.711669 0.511299
vt 0.700611 0.511297
vt 0.700612 0.508158
vt 0.720048 0.511300
vt 0.720049 0.508162
vt 0.826003 0.160196
vt 0.825512 0.004645
vt 0.828267 0.004549
vt 0.828718 0.160192
vt 0.822956 0.471302
vt 0.823105 0.475428
vt 0.820594 0.475607
vt 0.820410 0.471322
vt 0.818051 0.475753
vt 0.817800 0.471381
vt 0.826002 0.315807
vt 0.825515 0.471369
vt 0.823290 0.315815
vt 0.825555 0.475235
vt 0.840787 0.700164
vt 0.842731 0.666243
vt 0.844675 0.632322
vt 0.836899 0.768006
vt 0.838843 0.734085
vt 0.833012 0.835848
vt 0.834956 0.801927
vt 0.825236 0.971532
vt 0.827180 0.937611
vt 0.829124 0.903690
vt 0.831068 0.869769
vt 0.379112 0.874961
vt 0.372689 0.878455
vt 0.367910 0.878674
vt 0.400817 0.333772
vt 0.399273 0.493660
vt 0.395480 0.014346
vt 0.395248 0.009830
vt 0.395561 0.005341
vt 0.396169 0.000999
vt 0.846619 0.598400
vt 0.848563 0.564479
vt 0.850507 0.530558
vt 0.796731 0.855397
vt 0.800086 0.852009
vt 0.797561 0.886764
vt 0.794485 0.889917
vt 0.803442 0.848620
vt 0.800636 0.883612
vt 0.795035 0.921520
vt 0.797830 0.918603
vt 0.795023 0.953595
vt 0.792509 0.956275
vt 0.792240 0.924437
vt 0.789995 0.958956
vt 0.029822 0.010795
vt 0.029995 0.007438
vt 0.036277 0.007715
vt 0.036164 0.011013
vt 0.030206 0.004121
vt 0.036405 0.004444
vt 0.042881 0.004633
vt 0.042804 0.007888
vt 0.042731 0.011161
vt 0.018585 0.010251
vt 0.018465 0.013704
vt 0.013744 0.013753
vt 0.013743 0.010036
vt 0.122307 0.672132
vt 0.122009 0.833323
vt 0.064674 0.833133
vt 0.065112 0.672069
vt 0.003173 0.513983
vt 0.009258 0.671826
vt 0.006476 0.671883
vt 0.001018 0.514072
vt 0.009734 0.009914
vt 0.886126 0.017883
vt 0.891878 0.019088
vt 0.947403 0.000308
vt 0.947403 0.003539
vt 0.942567 0.003538
vt 0.942567 0.000308
vt 0.326587 0.672229
vt 0.326562 0.833543
vt 0.315526 0.833545
vt 0.315556 0.672225
vt 0.259359 0.011971
vt 0.318173 0.014436
vt 0.317932 0.017825
vt 0.380510 0.024675
vt 0.381149 0.020582
vt 0.383085 0.020808
vt 0.382653 0.024944
vt 0.793232 0.315802
vt 0.793235 0.160193
vt 0.798540 0.160193
vt 0.798536 0.315802
vt 0.897812 0.021512
vt 0.009036 0.832961
vt 0.886540 0.060922
vt 0.879768 0.061074
vt 0.879594 0.056082
vt 0.886654 0.056436
vt 0.229211 0.672191
vt 0.229112 0.833512
vt 0.178453 0.833448
vt 0.178627 0.672166
vt 0.879942 0.050488
vt 0.887187 0.051589
vt 0.229348 0.510908
vt 0.178773 0.510911
vt 0.950634 0.010101
vt 0.950634 0.006955
vt 0.873400 0.047667
vt 0.874231 0.040889
vt 0.881265 0.043926
vt 0.783163 0.160195
vt 0.780450 0.160203
vt 0.385621 0.016757
vt 0.385197 0.020854
vt 0.387989 0.012789
vt 0.387710 0.016793
vt 0.006260 0.832918
vt 0.888428 0.045742
vt 0.122295 0.511048
vt 0.883231 0.037288
vt 0.890262 0.039612
vt 0.297694 0.672219
vt 0.297654 0.833544
vt 0.269127 0.833537
vt 0.269187 0.672208
vt 0.885390 0.031602
vt 0.892156 0.034279
vt 0.297795 0.510940
vt 0.269301 0.510925
vt 0.777737 0.315822
vt 0.777739 0.160212
vt 0.900808 0.010134
vt 0.900410 0.012823
vt 0.893886 0.011459
vt 0.894189 0.008863
vt 0.876350 0.034543
vt 0.878906 0.029024
vt 0.887628 0.013253
vt 0.887505 0.011997
vt 0.785878 0.160191
vt 0.023804 0.013816
vt 0.023950 0.010524
vt 0.370428 0.175112
vt 0.373115 0.175202
vt 0.064057 0.511702
vt 0.009983 0.005653
vt 0.014006 0.006088
vt 0.010561 0.001484
vt 0.014536 0.002210
vt 0.019295 0.002984
vt 0.018857 0.006588
vt 0.024184 0.007055
vt 0.024504 0.003636
vt 0.004883 0.009745
vt 0.003002 0.009572
vt 0.003607 0.004871
vt 0.005342 0.005112
vt 0.001158 0.009114
vt 0.001904 0.004599
vt 0.002617 0.000308
vt 0.004310 0.000398
vt 0.006005 0.000685
vt 0.326680 0.510955
vt 0.315652 0.510949
vt 0.000308 0.014519
vt 0.874137 0.054876
vt 0.893503 0.013965
vt 0.887608 0.014543
vt 0.887809 0.092046
vt 0.881258 0.092741
vt 0.880572 0.077729
vt 0.887131 0.077185
vt 0.899763 0.015546
vt 0.880256 0.070825
vt 0.875865 0.079551
vt 0.875544 0.072689
vt 0.874910 0.061808
vt 0.783307 0.868952
vt 0.782184 0.902528
vt 0.779109 0.905680
vt 0.779951 0.872341
vt 0.781062 0.936103
vt 0.779939 0.969678
vt 0.777425 0.972359
vt 0.778267 0.939020
vt 0.774911 0.975039
vt 0.775473 0.941936
vt 0.776034 0.908833
vt 0.776595 0.875730
vt 0.772959 0.911986
vt 0.773239 0.879119
vt 0.772397 0.977720
vt 0.772678 0.944853
vt 0.769883 0.980400
vt 0.769883 0.947769
vt 0.769883 0.915138
vt 0.769884 0.882507
vt 0.804501 0.474415
vt 0.804485 0.471389
vt 0.810725 0.471374
vt 0.810732 0.474394
vt 0.841377 0.315803
vt 0.836073 0.315803
vt 0.817180 0.471366
vt 0.817184 0.474385
vt 0.793219 0.474554
vt 0.793161 0.471458
vt 0.798530 0.471419
vt 0.798563 0.474461
vt 0.785536 0.474974
vt 0.788801 0.471480
vt 0.788911 0.474725
vt 0.790019 0.862175
vt 0.788335 0.896222
vt 0.785260 0.899375
vt 0.786663 0.865564
vt 0.786651 0.930270
vt 0.784967 0.964317
vt 0.782453 0.966998
vt 0.783857 0.933186
vt 0.260531 0.008619
vt 0.319862 0.010939
vt 0.261701 0.005256
vt 0.321549 0.007406
vt 0.383745 0.016578
vt 0.386131 0.012660
vt 0.056631 0.011289
vt 0.056687 0.008027
vt 0.062303 0.008037
vt 0.062235 0.011300
vt 0.056743 0.004772
vt 0.062370 0.004778
vt 0.067521 0.004771
vt 0.067436 0.008033
vt 0.067350 0.011298
vt 0.803489 0.589796
vt 0.801805 0.623844
vt 0.796485 0.628885
vt 0.797888 0.595073
vt 0.800122 0.657891
vt 0.795082 0.662696
vt 0.790042 0.667501
vt 0.791165 0.633926
vt 0.792287 0.600351
vt 0.781086 0.610905
vt 0.780524 0.644008
vt 0.775204 0.649049
vt 0.775485 0.616182
vt 0.779963 0.677111
vt 0.774923 0.681916
vt 0.769884 0.686722
vt 0.769884 0.654091
vt 0.769884 0.621460
vt 0.785845 0.638967
vt 0.786687 0.605628
vt 0.785003 0.672306
vt 0.880024 0.065813
vt 0.875280 0.067494
vt 0.876517 0.093798
vt 0.886829 0.070366
vt 0.789019 0.315802
vt 0.789023 0.160192
vt 0.886639 0.065452
vt 0.775026 0.160221
vt 0.814691 0.579241
vt 0.820292 0.573964
vt 0.817766 0.608720
vt 0.812446 0.613761
vt 0.825893 0.568687
vt 0.823087 0.603678
vt 0.820280 0.638670
vt 0.815241 0.643475
vt 0.810201 0.648281
vt 0.819181 0.510202
vt 0.825343 0.504453
vt 0.822818 0.539208
vt 0.816936 0.544722
vt 0.831506 0.498703
vt 0.828699 0.533695
vt 0.259313 0.332889
vt 0.315862 0.174761
vt 0.049772 0.011249
vt 0.950634 0.334242
vt 0.794533 0.533200
vt 0.793410 0.566775
vt 0.787528 0.572289
vt 0.788370 0.538950
vt 0.781647 0.577802
vt 0.782208 0.544699
vt 0.775765 0.583315
vt 0.776046 0.550448
vt 0.769884 0.588829
vt 0.769884 0.556198
vt 0.806857 0.521702
vt 0.805173 0.555749
vt 0.799292 0.561262
vt 0.800695 0.527451
vt 0.049827 0.007986
vt 0.049883 0.004733
vt 0.882574 0.121493
vt 0.877749 0.120713
vt 0.804470 0.160194
vt 0.810703 0.160195
vt 0.810700 0.315801
vt 0.804467 0.315801
vt 0.890979 0.161303
vt 0.884459 0.162680
vt 0.889112 0.120517
vt 0.895752 0.265587
vt 0.889279 0.267993
vt 0.886761 0.212988
vt 0.893259 0.211119
vt 0.881856 0.210444
vt 0.879560 0.160282
vt 0.074222 0.008019
vt 0.074107 0.011286
vt 0.074337 0.004753
vt 0.088508 0.004708
vt 0.088322 0.007978
vt 0.088136 0.011247
vt 0.798438 0.691938
vt 0.793679 0.696507
vt 0.796754 0.725985
vt 0.792276 0.730319
vt 0.787797 0.734652
vt 0.788920 0.701076
vt 0.779402 0.710214
vt 0.774643 0.714783
vt 0.778841 0.743318
vt 0.774362 0.747651
vt 0.769884 0.751984
vt 0.769884 0.719353
vt 0.784161 0.705645
vt 0.783319 0.738985
vt 0.775023 0.315830
vt 0.812715 0.678231
vt 0.807956 0.682800
vt 0.817474 0.673662
vt 0.814668 0.708653
vt 0.810189 0.712986
vt 0.805711 0.717319
vt 0.891832 0.323780
vt 0.887008 0.323025
vt 0.884411 0.266263
vt 0.898280 0.320831
vt 0.114979 0.007892
vt 0.114652 0.011166
vt 0.115306 0.004619
vt 0.154770 0.004522
vt 0.154233 0.007805
vt 0.153696 0.011087
vt 0.795070 0.760033
vt 0.790872 0.764130
vt 0.793386 0.794080
vt 0.789469 0.797941
vt 0.785552 0.801802
vt 0.786675 0.768227
vt 0.778279 0.776421
vt 0.774081 0.780518
vt 0.777718 0.809524
vt 0.773801 0.813385
vt 0.769884 0.817246
vt 0.769884 0.784615
vt 0.782477 0.772324
vt 0.781635 0.805663
vt 0.341660 0.833540
vt 0.334925 0.833542
vt 0.334946 0.672232
vt 0.341678 0.672235
vt 0.807664 0.747742
vt 0.803466 0.751839
vt 0.811861 0.743645
vt 0.809055 0.778637
vt 0.805138 0.782498
vt 0.801221 0.786358
vt 0.817158 0.160195
vt 0.817156 0.315800
vt 0.898990 0.018348
vt 0.892892 0.016417
vt 0.887241 0.015961
vt 0.889539 0.378318
vt 0.204217 0.007892
vt 0.203404 0.011193
vt 0.205030 0.004588
vt 0.791703 0.828128
vt 0.788066 0.831752
vt 0.784430 0.835377
vt 0.777157 0.842627
vt 0.773520 0.846252
vt 0.769884 0.849876
vt 0.780793 0.839002
vt 0.802612 0.817253
vt 0.798976 0.820878
vt 0.806249 0.813628
vt 0.346766 0.672236
vt 0.350999 0.672238
vt 0.389529 0.493273
vt 0.351091 0.507700
vt 0.351089 0.510968
vt 0.346856 0.510966
vt 0.346858 0.507836
vt 0.859997 0.315801
vt 0.853541 0.315802
vt 0.341769 0.510963
vt 0.341771 0.507833
vt 0.122276 0.507881
vt 0.063990 0.508398
vt 0.853543 0.160196
vt 0.847311 0.160195
vt 0.847328 0.004631
vt 0.853566 0.004648
vt 0.449425 0.834507
vt 0.506793 0.834574
vt 0.506718 0.996349
vt 0.448854 0.995899
vt 0.002989 0.510053
vt 0.001027 0.510019
vt 0.297796 0.507810
vt 0.269303 0.507795
vt 0.831860 0.315803
vt 0.828715 0.315803
vt 0.229348 0.507777
vt 0.178770 0.507774
vt 0.326682 0.507825
vt 0.315654 0.507819
vt 0.726762 0.834682
vt 0.731896 0.996415
vt 0.726795 0.996416
vt 0.335038 0.510960
vt 0.335039 0.507829
vt 0.847308 0.315802
vt 0.780262 0.475428
vt 0.777751 0.475607
vt 0.777568 0.471322
vt 0.775208 0.475753
vt 0.774957 0.471381
vt 0.682678 0.672988
vt 0.700584 0.672989
vt 0.782713 0.475235
vt 0.820579 0.160213
vt 0.820408 0.004723
vt 0.822954 0.004727
vt 0.823291 0.160204
vt 0.797304 0.790219
vt 0.795339 0.824503
vt 0.793375 0.858786
vt 0.801232 0.721653
vt 0.799268 0.755936
vt 0.805161 0.653086
vt 0.803197 0.687369
vt 0.813019 0.515952
vt 0.811055 0.550235
vt 0.809090 0.584519
vt 0.807126 0.618802
vt 0.978277 0.381970
vt 0.976227 0.379058
vt 0.947402 0.169986
vt 0.950633 0.172174
vt 0.006930 0.009840
vt 0.007247 0.005346
vt 0.007863 0.001002
vt 0.791410 0.893070
vt 0.789446 0.927353
vt 0.787481 0.961636
vt 0.943850 0.858792
vt 0.946072 0.892946
vt 0.942997 0.889794
vt 0.940497 0.855406
vt 0.948293 0.927101
vt 0.950515 0.961256
vt 0.947995 0.958570
vt 0.945496 0.924182
vt 0.945475 0.955885
vt 0.942698 0.921263
vt 0.939921 0.886641
vt 0.937144 0.852019
vt 0.419000 0.496892
vt 0.425332 0.496671
vt 0.425447 0.499967
vt 0.419169 0.500243
vt 0.431893 0.496514
vt 0.431972 0.499785
vt 0.432055 0.503040
vt 0.425577 0.503238
vt 0.419375 0.503559
vt 0.407802 0.497416
vt 0.403001 0.497627
vt 0.402982 0.493931
vt 0.407686 0.493979
vt 0.398999 0.497769
vt 0.973704 0.375217
vt 0.980050 0.372984
vt 0.769326 0.486611
vt 0.769731 0.490521
vt 0.767178 0.490757
vt 0.706475 0.494276
vt 0.648189 0.495614
vt 0.979518 0.347851
vt 0.972292 0.348958
vt 0.971941 0.343374
vt 0.978984 0.343017
vt 0.986740 0.369929
vt 0.956086 0.506098
vt 0.959317 0.496304
vt 0.959317 0.499450
vt 0.972113 0.338393
vt 0.978868 0.338542
vt 0.951250 0.506098
vt 0.968648 0.364910
vt 0.966572 0.358544
vt 0.771761 0.490504
vt 0.772125 0.494515
vt 0.774200 0.494529
vt 0.774342 0.498524
vt 0.959317 0.172165
vt 0.956086 0.169978
vt 0.977753 0.367980
vt 0.984645 0.365126
vt 0.992143 0.384830
vt 0.992693 0.387632
vt 0.985990 0.388761
vt 0.985690 0.386191
vt 0.971146 0.370513
vt 0.965757 0.351772
vt 0.979675 0.386730
vt 0.979697 0.385414
vt 0.425242 0.493536
vt 0.418878 0.493704
vt 0.413143 0.497154
vt 0.413004 0.493873
vt 0.403247 0.501539
vt 0.399283 0.501978
vt 0.408060 0.501059
vt 0.408469 0.504642
vt 0.403741 0.505358
vt 0.399903 0.506061
vt 0.413367 0.500613
vt 0.413672 0.504026
vt 0.394174 0.497990
vt 0.394709 0.502581
vt 0.392992 0.502853
vt 0.392293 0.498174
vt 0.395470 0.506939
vt 0.393806 0.507265
vt 0.392091 0.507410
vt 0.391266 0.503171
vt 0.390417 0.498664
vt 0.986193 0.391476
vt 0.979494 0.388036
vt 0.966496 0.344578
vt 0.967267 0.337663
vt 0.992998 0.390455
vt 0.979153 0.329123
vt 0.972597 0.328667
vt 0.972909 0.321780
vt 0.979452 0.322321
vt 0.973589 0.306807
vt 0.968214 0.319965
vt 0.968860 0.305754
vt 0.957262 0.872337
vt 0.960615 0.875724
vt 0.961448 0.908710
vt 0.958373 0.905557
vt 0.963968 0.879110
vt 0.964523 0.911863
vt 0.962281 0.941696
vt 0.965079 0.944615
vt 0.965634 0.977368
vt 0.963115 0.974683
vt 0.959484 0.938777
vt 0.960595 0.971997
vt 0.967321 0.882496
vt 0.967599 0.915016
vt 0.970674 0.885883
vt 0.970674 0.918168
vt 0.967876 0.947535
vt 0.970674 0.950454
vt 0.970674 0.982739
vt 0.968154 0.980054
vt 0.847343 0.001608
vt 0.853573 0.001627
vt 0.860025 0.001638
vt 0.860021 0.004656
vt 0.391122 0.994205
vt 0.394257 0.834420
vt 0.836083 0.001445
vt 0.841411 0.001561
vt 0.841375 0.004600
vt 0.835997 0.004551
vt 0.828358 0.001027
vt 0.831734 0.001259
vt 0.831643 0.004512
vt 0.654105 0.672987
vt 0.950556 0.865565
vt 0.953909 0.868951
vt 0.955298 0.902405
vt 0.952222 0.899252
vt 0.956686 0.935858
vt 0.958075 0.969312
vt 0.953889 0.932939
vt 0.955555 0.966627
vt 0.708029 0.497755
vt 0.649312 0.498956
vt 0.769547 0.494687
vt 0.771758 0.498597
vt 0.709579 0.501261
vt 0.650433 0.502307
vt 0.445786 0.496346
vt 0.451389 0.496316
vt 0.451469 0.499578
vt 0.445854 0.499607
vt 0.456503 0.496299
vt 0.456601 0.499562
vt 0.456698 0.502824
vt 0.451547 0.502836
vt 0.445920 0.502862
vt 0.937226 0.596066
vt 0.942800 0.601322
vt 0.944189 0.634775
vt 0.938892 0.629754
vt 0.948375 0.606577
vt 0.949486 0.639797
vt 0.950597 0.673017
vt 0.945578 0.668229
vt 0.940558 0.663441
vt 0.959524 0.617088
vt 0.965099 0.622343
vt 0.965377 0.654862
vt 0.960080 0.649840
vt 0.970673 0.627598
vt 0.970673 0.659884
vt 0.970673 0.692169
vt 0.965654 0.687381
vt 0.960635 0.682593
vt 0.953950 0.611832
vt 0.954783 0.644819
vt 0.955616 0.677805
vt 0.967896 0.326809
vt 0.972366 0.333667
vt 0.967634 0.331992
vt 0.978965 0.334024
vt 0.980124 0.307498
vt 0.926077 0.585556
vt 0.928298 0.619710
vt 0.923002 0.614688
vt 0.920502 0.580300
vt 0.930520 0.653865
vt 0.925501 0.649077
vt 0.920482 0.644288
vt 0.917705 0.609667
vt 0.914927 0.575045
vt 0.921633 0.517246
vt 0.923855 0.551401
vt 0.918003 0.545912
vt 0.915503 0.511524
vt 0.912150 0.540423
vt 0.909373 0.505801
vt 0.438930 0.496407
vt 0.946153 0.540137
vt 0.952283 0.545860
vt 0.953116 0.578846
vt 0.947264 0.573357
vt 0.958413 0.551582
vt 0.958969 0.584335
vt 0.964543 0.557305
vt 0.964821 0.589824
vt 0.970673 0.563027
vt 0.970673 0.595313
vt 0.933893 0.528692
vt 0.940023 0.534414
vt 0.941412 0.567868
vt 0.935560 0.562379
vt 0.438995 0.499670
vt 0.439059 0.502923
vt 0.976759 0.237044
vt 0.974892 0.278128
vt 0.970080 0.278907
vt 0.971874 0.239438
vt 0.981414 0.279099
vt 0.983263 0.238416
vt 0.979039 0.186864
vt 0.985521 0.188726
vt 0.981533 0.131999
vt 0.974147 0.189403
vt 0.976678 0.133725
vt 0.463258 0.496285
vt 0.463386 0.499551
vt 0.477282 0.496270
vt 0.477481 0.499537
vt 0.477680 0.502804
vt 0.463513 0.502815
vt 0.946966 0.701683
vt 0.942225 0.697128
vt 0.951708 0.706237
vt 0.952818 0.739457
vt 0.948355 0.735136
vt 0.943891 0.730815
vt 0.965932 0.719900
vt 0.961191 0.715346
vt 0.970674 0.724455
vt 0.970674 0.756741
vt 0.966210 0.752420
vt 0.961746 0.748099
vt 0.956449 0.710791
vt 0.957282 0.743778
vt 0.932742 0.688019
vt 0.928000 0.683465
vt 0.934963 0.722174
vt 0.930500 0.717853
vt 0.926036 0.713532
vt 0.923259 0.678910
vt 0.984061 0.076352
vt 0.979250 0.077107
vt 0.981730 0.022538
vt 0.987990 0.134396
vt 0.990494 0.079292
vt 0.503784 0.496251
vt 0.504122 0.499521
vt 0.542794 0.496212
vt 0.543337 0.499488
vt 0.543879 0.502765
vt 0.504461 0.502790
vt 0.949743 0.768590
vt 0.945557 0.764503
vt 0.953929 0.772677
vt 0.955040 0.805897
vt 0.951132 0.802044
vt 0.947224 0.798190
vt 0.966488 0.784939
vt 0.962302 0.780852
vt 0.970674 0.789026
vt 0.970674 0.821312
vt 0.966765 0.817458
vt 0.962857 0.813604
vt 0.958115 0.776764
vt 0.958949 0.809751
vt 0.937185 0.756328
vt 0.932999 0.752241
vt 0.939407 0.790483
vt 0.935498 0.786629
vt 0.931590 0.782776
vt 0.928813 0.748154
vt 0.991470 0.381941
vt 0.985152 0.383661
vt 0.979365 0.383956
vt 0.592425 0.496076
vt 0.593228 0.499370
vt 0.594030 0.502666
vt 0.952520 0.835497
vt 0.948890 0.831877
vt 0.956151 0.839117
vt 0.967043 0.849977
vt 0.963412 0.846357
vt 0.970674 0.853597
vt 0.959782 0.842737
vt 0.941628 0.824637
vt 0.937998 0.821017
vt 0.934367 0.817397
vt 0.736173 0.999692
vt 0.731897 0.999555
vt 0.736172 0.996415
vt 0.726795 0.999556
vt 0.506704 0.999508
vt 0.448801 0.999126
vt 0.391022 0.997726
vt 0.388606 0.997757
vt 0.388605 0.994153
vt 0.682692 0.999567
vt 0.654111 0.999577
vt 0.654110 0.996437
vt 0.682691 0.996428
vt 0.614030 0.999591
vt 0.614040 0.672988
vt 0.563295 0.999593
vt 0.720012 0.834683
vt 0.720044 0.996418
vt 0.711663 0.999559
vt 0.700602 0.999562
vt 0.700601 0.996423
vt 0.711662 0.996420
vt 0.711641 0.672991
vt 0.720021 0.672991
vt 0.720044 0.999557
vt 0.817801 0.004680
vt 0.818023 0.000308
vt 0.820566 0.000437
vt 0.823078 0.000600
vt 0.825531 0.000779
vt 0.945259 0.828257
vt 0.943315 0.794336
vt 0.947203 0.862178
vt 0.941371 0.760415
vt 0.939427 0.726495
vt 0.937483 0.692574
vt 0.935539 0.658653
vt 0.929707 0.556890
vt 0.927763 0.522969
vt 0.931651 0.590811
vt 0.933595 0.624732
vt 0.760973 0.333410
vt 0.889606 0.379787
vt 0.396203 0.497868
vt 0.396593 0.502316
vt 0.397296 0.506580
vt 0.949147 0.896099
vt 0.953035 0.963941
vt 0.951091 0.930020
vt 0.981824 0.020489
vt 0.925172 0.358870
vt 0.817867 0.160222
vt 0.418948 0.333750
vt 0.425178 0.333740
vt 0.817864 0.315831
vt 0.820579 0.315823
vt 0.704317 0.174579
vt 0.647852 0.174266
vt 0.758426 0.174839
vt 0.700571 0.834683
vt 0.711631 0.834683
vt 0.726770 0.672992
vt 0.654080 0.834678
vt 0.682662 0.834682
vt 0.449660 0.673030
vt 0.959316 0.334233
vt 0.841381 0.160194
vt 0.836077 0.160194
vt 0.831863 0.160193
vt 0.859999 0.160196
vt 0.397750 0.174155
vt 0.445360 0.174053
vt 0.438487 0.174065
vt 0.391453 0.834400
vt 0.592391 0.174069
vt 0.542669 0.173990
vt 0.503531 0.173982
vt 0.476945 0.174002
vt 0.462881 0.174021
vt 0.456107 0.174033
vt 0.450979 0.174042
vt 0.394967 0.174177
vt 0.413305 0.333758
vt 0.951251 0.169978
vt 0.763742 0.335182
vt 0.766557 0.336984
vt 0.404074 0.333770
vt 0.408331 0.333765
vt 0.009792 0.333553
vt 0.050469 0.333487
vt 0.057333 0.333476
vt 0.154482 0.333253
vt 0.204066 0.333093
vt 0.088877 0.333421
vt 0.115421 0.333360
vt 0.068067 0.333459
vt 0.074832 0.333448
vt 0.062945 0.333467
vt 0.007015 0.333566
vt 0.024751 0.174022
vt 0.942566 0.169986
vt 0.015521 0.174042
vt 0.378649 0.171698
vt 0.375857 0.173466
vt 0.019778 0.174033
vn 0.0000 0.0000 1.0000
vn 0.6977 0.1082 0.7082
vn 0.6992 0.1051 0.7071
vn 0.5413 0.6007 0.5882
vn 0.0319 0.7064 0.7071
vn 0.0376 0.7042 0.7089
vn 0.0520 0.7024 0.7099
vn -0.8021 -0.5972 0.0000
vn -0.6478 -0.7617 0.0002
vn -0.6476 -0.7619 0.0004
vn -0.8020 -0.5972 0.0000
vn -0.3740 -0.9274 0.0004
vn -0.3735 -0.9276 0.0008
vn -0.2771 -0.6890 0.6696
vn -0.4769 -0.5613 0.6764
vn -0.5813 -0.4329 0.6890
vn -0.9382 -0.3460 0.0000
vn -0.9618 -0.2737 0.0000
vn -0.9395 -0.3424 0.0000
vn -0.8839 -0.4675 0.0000
vn 0.0000 -1.0000 0.0000
vn 0.7071 -0.7071 0.0000
vn 0.7071 0.7071 0.0000
vn 0.5773 0.5773 0.5773
vn 0.5773 -0.5773 0.5773
vn -0.0042 -1.0000 0.0000
vn -0.4143 -0.9101 0.0000
vn 0.1812 0.9752 -0.1274
vn 0.5773 0.5773 -0.5773
vn 0.0000 0.7071 -0.7071
vn 0.3153 0.6695 0.6725
vn 0.2842 0.6040 0.7445
vn 0.1083 0.6699 0.7344
vn 0.1176 0.7228 0.6810
vn 0.6608 0.2405 0.7109
vn 0.6680 0.2431 0.7033
vn 0.6414 0.2637 0.7204
vn 0.6656 0.2737 0.6943
vn 0.3727 0.9279 0.0000
vn 0.1812 0.9752 0.1274
vn 0.0146 0.7023 0.7118
vn 0.0150 0.7117 0.7023
vn 0.5299 0.4391 0.7255
vn 0.4400 0.5228 0.7300
vn -0.6761 -0.2493 0.6933
vn -0.6385 -0.3377 0.6915
vn 0.5932 0.3477 0.7260
vn 0.6414 0.2637 -0.7204
vn -0.6761 -0.2493 -0.6933
vn -0.6830 -0.1943 -0.7040
vn 0.6680 0.2431 -0.7033
vn 0.5576 0.4621 0.6896
vn 0.4689 0.5571 0.6854
vn 0.6251 0.3664 0.6891
vn 0.4088 0.5571 0.7229
vn 0.3608 0.5958 0.7175
vn 0.3459 0.6189 0.7052
vn 0.4271 0.5820 0.6920
vn -0.2943 -0.6146 0.7318
vn -0.4022 -0.5376 0.7411
vn 0.0043 0.7873 0.6164
vn -0.0033 -0.6384 0.7696
vn -0.6479 -0.7617 0.0000
vn -0.3740 -0.9274 0.0000
vn -0.5990 -0.8007 0.0000
vn -0.8199 -0.5725 0.0000
vn -0.6830 -0.1943 0.7040
vn -0.6452 -0.2351 0.7270
vn 0.6656 0.2737 -0.6943
vn 0.6608 0.2405 -0.7109
vn 0.4105 -0.9118 0.0000
vn -0.0844 -0.7205 0.6882
vn -0.0104 -0.7103 0.7038
vn 0.0017 0.8087 0.5881
vn 0.0000 0.7071 0.7071
vn 0.0000 -0.7071 0.7071
vn 0.5633 0.3881 0.7294
vn 0.6256 0.2936 0.7227
vn 0.6600 0.2323 0.7144
vn 0.5067 0.4751 0.7194
vn 0.7294 0.6840 0.0000
vn 0.8235 0.5674 0.0000
vn 0.9052 0.4249 0.0000
vn 0.9432 0.3320 0.0000
vn 0.6829 0.1587 0.7130
vn 0.6738 0.1941 0.7129
vn 0.9609 0.2768 0.0000
vn 0.9740 0.2264 0.0000
vn -0.0150 -0.9999 0.0001
vn -0.0148 -0.9999 0.0001
vn -0.0149 -0.9999 0.0000
vn -0.2701 0.6850 0.6766
vn -0.4378 0.5875 0.6805
vn -0.5474 0.4774 0.6873
vn 0.0087 0.0005 0.9999
vn -0.6107 0.3852 0.6918
vn -0.1172 -0.9931 0.0000
vn -0.1173 -0.9931 0.0003
vn 0.5995 0.3166 0.7350
vn -0.1169 -0.9931 0.0006
vn -0.0163 0.7146 0.6994
vn -0.1053 0.7182 0.6878
vn 0.0515 0.7087 0.7036
vn 0.0245 0.7117 0.7021
vn 0.4996 0.4538 0.7378
vn 0.5436 0.4938 0.6787
vn 0.6474 0.3419 0.6811
vn -0.5439 -0.3798 0.7482
vn 0.0615 0.7042 0.7073
vn 0.8464 0.5325 0.0000
vn -0.0067 1.0000 0.0000
vn -0.8500 0.5267 0.0000
vn -0.7537 0.6572 0.0000
vn 0.0533 0.9986 0.0000
vn 0.0738 0.9973 0.0000
vn 0.6694 0.7429 0.0000
vn 0.0452 0.9990 0.0000
vn 0.0344 0.9994 0.0000
vn -0.0228 0.9997 0.0000
vn 0.0724 0.9973 0.0000
vn 0.0870 0.9962 0.0000
vn -0.1450 0.9894 0.0000
vn -0.3668 0.9303 0.0000
vn -0.5975 0.8018 0.0000
vn 0.9889 0.1486 0.0000
vn 0.9882 0.1532 0.0000
vn -0.5576 0.4621 -0.6896
vn -0.5299 0.4391 -0.7255
vn -0.4400 0.5228 -0.7300
vn -0.4689 0.5571 -0.6854
vn 0.9838 0.1793 0.0000
vn 0.6908 0.1259 0.7120
vn -0.6414 0.2637 0.7204
vn 0.6761 -0.2493 0.6933
vn 0.6830 -0.1943 0.7040
vn -0.6680 0.2431 0.7033
vn 0.6452 -0.2351 0.7270
vn -0.6474 0.3419 0.6811
vn -0.0520 0.7024 0.7099
vn -0.0376 0.7042 0.7089
vn -0.0319 0.7064 0.7071
vn -0.5413 0.6007 0.5882
vn -0.6992 0.1050 0.7071
vn -0.6977 0.1082 0.7082
vn 0.8021 -0.5972 0.0000
vn 0.8020 -0.5972 0.0000
vn 0.6476 -0.7619 0.0004
vn 0.6478 -0.7617 0.0002
vn 0.5813 -0.4329 0.6890
vn 0.4769 -0.5613 0.6764
vn 0.2771 -0.6890 0.6696
vn 0.3735 -0.9276 0.0008
vn 0.3740 -0.9274 0.0004
vn 0.9382 -0.3460 0.0000
vn 0.9618 -0.2737 0.0000
vn 0.8839 -0.4675 0.0000
vn 0.9395 -0.3424 0.0000
vn -0.5773 0.5773 0.5773
vn -0.7071 0.7071 0.0000
vn -0.7071 -0.7071 0.0000
vn -0.5773 -0.5773 0.5773
vn -0.2842 0.6040 0.7445
vn -0.4400 0.5228 0.7300
vn -0.1812 0.9752 -0.1274
vn -0.5773 0.5773 -0.5773
vn -0.6608 0.2405 0.7109
vn -0.5995 0.3166 0.7350
vn -0.0150 0.7117 0.7023
vn -0.0146 0.7023 0.7118
vn -0.1083 0.6699 0.7344
vn -0.1176 0.7228 0.6810
vn -0.3153 0.6695 0.6725
vn -0.5299 0.4391 0.7255
vn -0.3727 0.9279 0.0000
vn -0.1812 0.9752 0.1274
vn -0.4689 0.5571 0.6854
vn -0.5576 0.4621 0.6896
vn -0.5932 0.3477 0.7260
vn -0.6252 0.3664 0.6891
vn -0.6656 0.2737 0.6943
vn -0.3567 0.5968 0.7187
vn -0.3433 0.6219 0.7037
vn 0.6385 -0.3377 0.6915
vn 0.2912 -0.6152 0.7326
vn 0.0844 -0.7205 0.6882
vn 0.3740 -0.9274 0.0000
vn 0.6479 -0.7617 0.0000
vn 0.8199 -0.5725 0.0000
vn 0.5990 -0.8007 0.0000
vn 0.4022 -0.5376 0.7411
vn -0.5995 0.3166 -0.7350
vn -0.6474 0.3419 -0.6811
vn -0.6680 0.2431 -0.7033
vn -0.6608 0.2405 -0.7109
vn -0.4271 0.5820 0.6920
vn -0.4088 0.5571 0.7229
vn 0.0104 -0.7103 0.7038
vn -0.6600 0.2323 0.7144
vn -0.6256 0.2936 0.7227
vn -0.5633 0.3881 0.7294
vn -0.5066 0.4751 0.7194
vn -0.8235 0.5673 0.0000
vn -0.7294 0.6840 0.0000
vn -0.9432 0.3320 0.0000
vn -0.9052 0.4249 0.0000
vn -0.6829 0.1587 0.7130
vn -0.9740 0.2264 0.0000
vn -0.9609 0.2768 0.0000
vn -0.6738 0.1941 0.7130
vn 0.0150 -0.9999 0.0001
vn 0.0148 -0.9999 0.0001
vn 0.0149 -0.9999 0.0000
vn 0.5474 0.4774 0.6873
vn 0.4378 0.5875 0.6805
vn 0.2701 0.6850 0.6766
vn -0.0086 0.0005 0.9999
vn 0.6069 0.3886 0.6932
vn 0.1173 -0.9931 0.0003
vn 0.1172 -0.9931 0.0000
vn 0.1169 -0.9931 0.0006
vn 0.1053 0.7182 0.6878
vn 0.0163 0.7146 0.6994
vn -0.5436 0.4938 0.6787
vn 0.5439 -0.3798 0.7482
vn -0.0245 0.7117 0.7021
vn -0.0515 0.7087 0.7036
vn -0.4996 0.4538 0.7378
vn -0.0615 0.7042 0.7073
vn 0.7536 0.6572 0.0000
vn -0.0738 0.9973 0.0000
vn -0.0533 0.9986 0.0000
vn -0.0870 0.9962 0.0000
vn -0.6694 0.7429 0.0000
vn -0.0452 0.9990 0.0000
vn 0.0228 0.9997 0.0000
vn -0.0344 0.9994 0.0000
vn -0.0724 0.9973 0.0000
vn 0.3668 0.9303 0.0000
vn 0.1450 0.9894 0.0000
vn 0.5975 0.8018 0.0000
vn -0.9838 0.1793 0.0000
vn -0.9740 0.2263 0.0000
vn -0.9882 0.1533 0.0000
vn -0.9889 0.1486 0.0000
vn -0.9838 0.1794 0.0000
vn -0.6908 0.1259 0.7120
vn 0.0000 0.0000 -1.0000
vn 0.0520 0.7024 -0.7099
vn 0.0376 0.7042 -0.7089
vn 0.0319 0.7064 -0.7071
vn 0.5413 0.6007 -0.5882
vn 0.6992 0.1051 -0.7071
vn 0.6977 0.1082 -0.7082
vn -0.6476 -0.7619 -0.0004
vn -0.6478 -0.7617 -0.0002
vn -0.5813 -0.4329 -0.6890
vn -0.4769 -0.5613 -0.6764
vn -0.2771 -0.6890 -0.6696
vn -0.3735 -0.9276 -0.0008
vn -0.3740 -0.9274 -0.0004
vn -0.6452 -0.2351 -0.7270
vn 0.6474 0.3419 -0.6811
vn 0.5773 -0.5773 -0.5773
vn 0.5995 0.3166 -0.7350
vn 0.0150 0.7117 -0.7023
vn 0.0146 0.7023 -0.7118
vn 0.1083 0.6699 -0.7344
vn 0.1176 0.7228 -0.6810
vn 0.2842 0.6040 -0.7445
vn 0.3153 0.6695 -0.6725
vn 0.4400 0.5228 -0.7300
vn 0.4689 0.5571 -0.6854
vn 0.5299 0.4391 -0.7255
vn 0.5576 0.4621 -0.6896
vn 0.5932 0.3477 -0.7260
vn 0.6251 0.3664 -0.6891
vn 0.0017 0.8087 -0.5881
vn 0.3608 0.5958 -0.7175
vn 0.3459 0.6189 -0.7052
vn 0.0043 0.7873 -0.6164
vn -0.6385 -0.3377 -0.6915
vn -0.2943 -0.6146 -0.7318
vn -0.0033 -0.6384 -0.7696
vn -0.4022 -0.5376 -0.7411
vn -0.0844 -0.7205 -0.6882
vn 0.4271 0.5820 -0.6920
vn 0.4088 0.5571 -0.7229
vn 0.0000 -0.7071 -0.7071
vn -0.0104 -0.7103 -0.7038
vn 0.6600 0.2323 -0.7144
vn 0.6256 0.2936 -0.7227
vn 0.5633 0.3881 -0.7294
vn 0.5067 0.4751 -0.7194
vn 0.6829 0.1587 -0.7130
vn 0.6738 0.1941 -0.7129
vn -0.0150 -0.9999 -0.0001
vn -0.0148 -0.9999 -0.0001
vn -0.5474 0.4774 -0.6873
vn -0.4378 0.5875 -0.6805
vn -0.2701 0.6850 -0.6766
vn 0.0087 0.0005 -0.9999
vn -0.6107 0.3852 -0.6918
vn -0.1173 -0.9931 -0.0003
vn -0.1169 -0.9931 -0.0006
vn -0.1053 0.7182 -0.6878
vn -0.0163 0.7146 -0.6994
vn 0.0245 0.7117 -0.7021
vn 0.0515 0.7087 -0.7036
vn 0.4996 0.4538 -0.7378
vn 0.5436 0.4938 -0.6787
vn -0.5439 -0.3798 -0.7482
vn 0.0615 0.7042 -0.7073
vn -0.8235 0.5674 0.0000
vn 0.7537 0.6572 0.0000
vn 0.6908 0.1259 -0.7120
vn 0.6452 -0.2351 -0.7270
vn 0.6830 -0.1943 -0.7040
vn -0.6977 0.1082 -0.7082
vn -0.6992 0.1050 -0.7071
vn -0.5413 0.6007 -0.5882
vn -0.0319 0.7064 -0.7071
vn -0.0376 0.7042 -0.7089
vn -0.0520 0.7024 -0.7099
vn 0.6478 -0.7617 -0.0002
vn 0.6476 -0.7619 -0.0004
vn 0.3740 -0.9274 -0.0004
vn 0.3735 -0.9276 -0.0008
vn 0.2771 -0.6890 -0.6696
vn 0.4769 -0.5613 -0.6764
vn 0.5813 -0.4329 -0.6890
vn 0.6761 -0.2493 -0.6933
vn -0.6414 0.2637 -0.7204
vn -0.3153 0.6695 -0.6725
vn -0.2842 0.6040 -0.7445
vn -0.1083 0.6699 -0.7344
vn -0.1176 0.7228 -0.6810
vn -0.6656 0.2737 -0.6943
vn -0.0146 0.7023 -0.7118
vn -0.0150 0.7117 -0.7023
vn -0.5773 -0.5773 -0.5773
vn -0.5932 0.3477 -0.7260
vn -0.6252 0.3664 -0.6891
vn -0.4088 0.5571 -0.7229
vn -0.3567 0.5968 -0.7187
vn -0.3433 0.6219 -0.7037
vn -0.4271 0.5820 -0.6920
vn 0.6385 -0.3377 -0.6915
vn 0.2912 -0.6152 -0.7326
vn 0.4022 -0.5376 -0.7411
vn 0.0844 -0.7205 -0.6882
vn 0.0104 -0.7103 -0.7038
vn -0.5633 0.3881 -0.7294
vn -0.6256 0.2936 -0.7227
vn -0.6600 0.2323 -0.7144
vn -0.5066 0.4751 -0.7194
vn -0.6829 0.1587 -0.7130
vn -0.6738 0.1941 -0.7130
vn 0.0150 -0.9999 -0.0001
vn 0.0148 -0.9999 -0.0001
vn 0.2701 0.6850 -0.6766
vn 0.4378 0.5875 -0.6805
vn 0.5474 0.4774 -0.6873
vn -0.0085 0.0005 -0.9999
vn 0.6069 0.3886 -0.6932
vn 0.1173 -0.9931 -0.0003
vn 0.1169 -0.9931 -0.0006
vn 0.0163 0.7146 -0.6994
vn 0.1053 0.7182 -0.6878
vn -0.0515 0.7087 -0.7036
vn -0.0245 0.7117 -0.7021
vn -0.4996 0.4538 -0.7378
vn -0.5436 0.4938 -0.6787
vn 0.5439 -0.3798 -0.7482
vn -0.0615 0.7042 -0.7073
vn -0.6908 0.1259 -0.7120
usemtl open_book
s 1
f 274/243/71 654/244/71 1089/245/71 626/246/71
f 1369/247/71 269/248/72 551/249/73 1379/250/71
f 1379/250/71 551/249/73 218/251/74 1368/252/75
f 626/246/71 1089/245/71 620/253/76 262/254/77
f 202/255/78 518/256/79 1090/257/80 529/258/81
f 518/256/79 187/259/82 512/260/83 1090/257/80
f 1090/257/80 512/260/83 197/261/84 524/262/85
f 529/258/81 1090/257/80 524/262/85 208/263/86
f 203/264/87 502/265/88 1091/266/88 527/267/87
f 502/265/88 188/268/89 504/269/89 1091/266/88
f 875/270/87 527/267/87 1091/266/88 264/271/88
f 199/272/90 1095/273/90 527/267/87 875/270/87
f 1270/274/91 229/275/91 1093/276/91 503/277/91
f 514/278/92 513/279/93 192/280/94 193/281/95
f 655/282/96 1099/283/97 531/284/97 212/285/96
f 352/286/98 355/287/99 1374/288/100 1375/289/100
f 1380/290/91 503/277/91 183/291/91 1361/292/91
f 625/293/91 1092/294/91 544/295/91 255/296/91
f 185/297/101 196/298/102 543/299/103 545/300/104
f 516/301/105 522/302/106 206/303/107 200/304/108
f 192/280/94 513/279/93 509/305/109 186/306/110
f 545/300/104 543/299/103 227/307/111 228/308/112
f 207/309/113 208/310/86 524/311/85 507/312/114
f 206/303/107 209/313/115 525/314/116 523/315/117
f 183/291/91 503/277/91 1093/276/91 510/316/91
f 229/275/91 945/317/92 514/318/92 1093/276/91
f 264/271/88 1091/266/88 504/269/89 1256/319/89
f 510/316/91 1093/276/91 514/318/92 193/320/95
f 365/321/118 368/322/119 805/323/120 815/324/121
f 201/325/122 207/309/113 507/312/114 501/326/123
f 200/304/108 206/303/107 523/315/117 517/327/124
f 501/326/123 507/312/114 196/298/102 185/297/101
f 266/328/125 532/329/126 533/330/127 267/331/128
f 517/327/124 523/315/117 207/309/113 201/325/122
f 507/312/114 524/311/85 197/332/84 196/298/102
f 267/331/128 533/330/127 639/333/129 268/334/130
f 523/315/117 525/314/116 208/310/86 207/309/113
f 639/333/129 533/330/127 210/335/131 211/336/132
f 187/259/82 518/256/79 1094/337/133 505/338/134
f 518/256/79 202/255/78 526/339/78 1094/337/133
f 1246/340/134 505/338/134 1094/337/133 205/341/133
f 945/342/92 1226/343/93 513/279/93 514/278/92
f 202/255/78 519/344/90 1095/273/90 526/339/78
f 519/344/90 203/264/87 527/267/87 1095/273/90
f 899/345/78 526/339/78 1095/273/90 199/272/90
f 546/346/135 946/347/135 1293/348/136 1539/349/136
f 188/268/89 502/265/88 1096/350/88 508/351/89
f 502/265/88 203/264/87 528/352/87 1096/350/88
f 1096/350/88 528/352/87 209/353/115 511/354/137
f 508/351/89 1096/350/88 511/354/137 194/355/138
f 203/264/87 519/344/90 1097/356/90 528/352/87
f 519/344/90 202/255/78 529/258/81 1097/356/90
f 1097/356/90 529/258/81 208/263/86 525/357/116
f 528/352/87 1097/356/90 525/357/116 209/353/115
f 265/358/135 653/359/135 1098/360/97 531/284/97
f 653/359/135 268/361/130 639/362/129 1098/360/97
f 1098/360/97 639/362/129 211/363/132 535/364/96
f 531/284/97 1098/360/97 535/364/96 212/285/96
f 361/365/139 365/321/118 815/324/121 811/366/140
f 652/367/135 265/358/135 531/284/97 1099/283/97
f 1455/368/141 1278/369/96 949/370/96 1454/371/141
f 189/372/97 1233/373/97 946/347/135 546/346/135
f 227/307/111 543/299/103 571/374/142 231/375/143
f 571/374/142 543/299/103 196/298/102 197/332/84
f 533/330/127 532/329/126 213/376/144 210/335/131
f 221/377/145 219/378/145 549/379/145 555/380/145
f 239/381/145 549/379/145 582/382/146 236/383/146
f 582/382/146 549/379/145 219/378/145 217/384/146
f 261/385/71 624/386/71 1100/387/71 619/388/71
f 624/386/71 256/389/71 548/390/71 1100/387/71
f 1381/391/71 1362/392/71 216/393/147 537/394/148
f 1367/395/71 1381/391/71 537/394/148 215/396/149
f 256/389/71 623/397/71 1101/398/71 548/390/71
f 623/397/71 259/399/145 617/400/145 1101/398/71
f 1382/401/71 1365/402/145 186/403/110 538/404/150
f 1362/392/71 1382/401/71 538/404/150 216/393/147
f 216/405/147 538/406/150 1102/407/151 539/408/152
f 538/406/150 186/409/110 509/410/109 1102/407/151
f 215/411/149 537/412/148 1103/413/153 540/414/154
f 537/412/148 216/405/147 539/408/152 1103/413/153
f 214/415/155 536/416/156 1104/417/157 541/418/158
f 536/416/156 215/411/149 540/414/154 1104/417/157
f 257/419/71 622/420/71 1105/421/71 552/422/71
f 622/420/71 261/385/71 619/388/71 1105/421/71
f 1383/423/71 1367/395/71 215/396/149 536/424/156
f 1363/425/71 1383/423/71 536/424/156 214/426/155
f 255/296/91 544/295/91 1106/427/91 621/428/91
f 1361/292/91 183/291/91 510/316/91 1384/429/91
f 1384/429/91 510/316/91 193/320/95 1360/430/146
f 621/428/91 1106/427/91 542/431/146 254/432/146
f 233/433/159 554/434/91 1107/435/91 581/436/160
f 554/434/91 220/437/91 561/438/91 1107/435/91
f 1107/435/91 561/438/91 217/439/146 550/440/146
f 581/436/160 1107/435/91 550/440/146 231/441/143
f 235/442/71 580/443/71 1108/444/71 559/445/71
f 580/443/71 230/446/71 570/447/71 1108/444/71
f 1108/444/71 570/447/71 223/448/71 562/449/71
f 559/445/71 1108/444/71 562/449/71 225/450/71
f 234/451/71 579/452/71 1109/453/71 558/454/71
f 579/452/71 228/455/112 568/456/145 1109/453/71
f 1109/453/71 568/456/145 221/457/145 563/458/71
f 558/454/71 1109/453/71 563/458/71 224/459/71
f 230/446/71 578/460/71 1110/461/71 570/447/71
f 578/460/71 234/451/71 558/454/71 1110/461/71
f 1110/461/71 558/454/71 224/459/71 564/462/71
f 570/447/71 1110/461/71 564/462/71 223/448/71
f 219/378/145 567/463/145 550/464/146 217/384/146
f 550/464/146 567/463/145 227/307/111 231/375/143
f 228/308/112 227/307/111 567/463/145 568/465/145
f 555/380/145 549/379/145 239/381/145 241/466/145
f 1535/467/91 1268/468/91 904/469/91 588/470/91
f 802/471/161 870/472/161 1247/473/91 1529/474/91
f 1111/475/91 565/476/91 220/437/91 554/434/91
f 577/477/161 1111/475/91 554/434/91 233/433/159
f 271/478/71 651/479/71 1112/480/71 576/481/71
f 651/479/71 270/482/71 566/483/71 1112/480/71
f 1112/480/71 566/483/71 226/484/162 572/485/163
f 576/481/71 1112/480/71 572/485/163 232/486/164
f 266/487/125 650/488/71 1113/489/165 532/490/126
f 650/488/71 271/478/71 576/481/71 1113/489/165
f 1113/489/165 576/481/71 232/486/164 553/491/166
f 532/490/126 1113/489/165 553/491/166 213/492/144
f 1533/493/91 1261/494/91 889/495/91 618/496/91
f 1255/497/134 799/498/134 1250/499/167 1531/500/167
f 1114/501/167 577/477/161 233/433/159 573/502/168
f 505/338/134 1114/501/167 573/502/168 187/259/82
f 200/503/108 517/504/124 1115/505/71 547/506/71
f 517/504/124 201/507/122 574/508/71 1115/505/71
f 1115/505/71 574/508/71 234/451/71 578/460/71
f 547/506/71 1115/505/71 578/460/71 230/446/71
f 201/507/122 501/509/123 1116/510/71 574/508/71
f 501/509/123 185/511/101 545/512/104 1116/510/71
f 1116/510/71 545/512/104 228/455/112 579/452/71
f 574/508/71 1116/510/71 579/452/71 234/451/71
f 184/513/169 516/514/105 1117/515/71 575/516/71
f 516/514/105 200/503/108 547/506/71 1117/515/71
f 1117/515/71 547/506/71 230/446/71 580/443/71
f 575/516/71 1117/515/71 580/443/71 235/442/71
f 187/259/82 573/502/168 1118/517/170 512/260/83
f 573/502/168 233/433/159 581/436/160 1118/517/170
f 1118/517/170 581/436/160 231/441/143 571/518/142
f 512/260/83 1118/517/170 571/518/142 197/261/84
f 249/519/145 585/520/145 597/521/146 245/522/146
f 597/521/146 585/520/145 239/381/145 236/383/146
f 241/466/145 239/381/145 585/520/145 587/523/145
f 568/465/145 567/463/145 219/378/145 221/377/145
f 250/524/145 249/519/145 601/525/145 602/526/145
f 587/523/145 585/520/145 249/519/145 250/524/145
f 258/527/145 601/525/145 612/528/146 254/529/146
f 612/528/146 601/525/145 249/519/145 245/522/146
f 220/437/91 583/530/91 1119/531/91 561/438/91
f 583/530/91 237/532/91 591/533/91 1119/531/91
f 1119/531/91 591/533/91 236/534/146 582/535/146
f 561/438/91 1119/531/91 582/535/146 217/439/146
f 225/450/71 562/449/71 1120/536/71 586/537/71
f 562/449/71 223/448/71 557/538/71 1120/536/71
f 1120/536/71 557/538/71 243/539/71 592/540/71
f 586/537/71 1120/536/71 592/540/71 240/541/71
f 224/459/71 563/458/71 1121/542/71 584/543/71
f 563/458/71 221/457/145 555/544/145 1121/542/71
f 1121/542/71 555/544/145 241/545/145 593/546/71
f 584/543/71 1121/542/71 593/546/71 238/547/71
f 223/448/71 564/462/71 1122/548/71 557/538/71
f 564/462/71 224/459/71 584/543/71 1122/548/71
f 1122/548/71 584/543/71 238/547/71 594/549/71
f 557/538/71 1122/548/71 594/549/71 243/539/71
f 1529/474/91 1247/473/91 859/550/91 808/551/91
f 808/551/91 859/550/91 1261/494/91 1533/493/91
f 1123/552/91 595/553/91 237/532/91 583/530/91
f 565/476/91 1123/552/91 583/530/91 220/437/91
f 270/482/71 649/554/71 1124/555/71 566/483/71
f 649/554/71 272/556/71 596/557/71 1124/555/71
f 1124/555/71 596/557/71 244/558/171 560/559/172
f 566/483/71 1124/555/71 560/559/172 226/484/162
f 1364/560/145 616/561/145 542/562/146 1360/563/146
f 542/562/146 616/561/145 258/527/145 254/529/146
f 259/564/145 258/527/145 616/561/145 617/565/145
f 602/526/145 601/525/145 258/527/145 259/564/145
f 237/532/91 598/566/91 1125/567/91 591/533/91
f 598/566/91 246/568/91 606/569/91 1125/567/91
f 1125/567/91 606/569/91 245/570/146 597/571/146
f 591/533/91 1125/567/91 597/571/146 236/534/146
f 240/541/71 592/540/71 1126/572/71 600/573/71
f 592/540/71 243/539/71 589/574/71 1126/572/71
f 1126/572/71 589/574/71 252/575/71 607/576/71
f 600/573/71 1126/572/71 607/576/71 248/577/71
f 238/547/71 593/546/71 1127/578/71 599/579/71
f 593/546/71 241/545/145 587/580/145 1127/578/71
f 1127/578/71 587/580/145 250/581/145 608/582/71
f 599/579/71 1127/578/71 608/582/71 247/583/71
f 243/539/71 594/549/71 1128/584/71 589/574/71
f 594/549/71 238/547/71 599/579/71 1128/584/71
f 1128/584/71 599/579/71 247/583/71 609/585/71
f 589/574/71 1128/584/71 609/585/71 252/575/71
f 1537/586/91 1275/587/91 919/588/91 556/589/91
f 618/496/91 889/495/91 1268/468/91 1535/467/91
f 1129/590/91 610/591/91 246/568/91 598/566/91
f 595/553/91 1129/590/91 598/566/91 237/532/91
f 272/556/71 648/592/71 1130/593/71 596/557/71
f 648/592/71 273/594/71 611/595/71 1130/593/71
f 1130/593/71 611/595/71 253/596/173 590/597/174
f 596/557/71 1130/593/71 590/597/174 244/558/171
f 184/598/169 637/599/175 638/600/176 195/601/177
f 617/565/145 616/561/145 1364/560/145 1365/602/145
f 195/601/177 638/600/176 534/603/178 194/604/138
f 534/603/178 638/600/176 267/331/128 268/334/130
f 246/568/91 613/605/91 1131/606/91 606/569/91
f 613/605/91 255/296/91 621/428/91 1131/606/91
f 1131/606/91 621/428/91 254/432/146 612/607/146
f 606/569/91 1131/606/91 612/607/146 245/570/146
f 248/577/71 607/576/71 1132/608/71 615/609/71
f 607/576/71 252/575/71 604/610/71 1132/608/71
f 1132/608/71 604/610/71 261/385/71 622/420/71
f 615/609/71 1132/608/71 622/420/71 257/419/71
f 247/583/71 608/582/71 1133/611/71 614/612/71
f 608/582/71 250/581/145 602/613/145 1133/611/71
f 1133/611/71 602/613/145 259/399/145 623/397/71
f 614/612/71 1133/611/71 623/397/71 256/389/71
f 252/575/71 609/585/71 1134/614/71 604/610/71
f 609/585/71 247/583/71 614/612/71 1134/614/71
f 1134/614/71 614/612/71 256/389/71 624/386/71
f 604/610/71 1134/614/71 624/386/71 261/385/71
f 1541/615/91 1380/290/91 1092/294/91 251/616/91
f 588/470/91 904/469/91 1275/587/91 1537/586/91
f 1135/617/91 625/293/91 255/296/91 613/605/91
f 610/591/91 1135/617/91 613/605/91 246/568/91
f 273/594/71 647/618/71 1136/619/71 611/595/71
f 647/618/71 274/243/71 626/246/71 1136/619/71
f 1136/619/71 626/246/71 262/254/77 605/620/179
f 611/595/71 1136/619/71 605/620/179 253/596/173
f 1450/621/180 1137/622/181 263/623/181 1451/624/180
f 1278/625/96 189/372/97 190/626/97 949/627/96
f 213/628/144 553/629/166 1138/630/182 627/631/181
f 553/629/166 232/632/164 628/633/183 1138/630/182
f 1558/634/182 1137/635/181 627/631/181 1138/630/182
f 262/636/77 620/637/76 1139/638/184 629/639/185
f 1368/640/75 218/641/74 630/642/186 1385/643/187
f 244/644/171 590/645/174 1140/646/188 631/647/189
f 590/645/174 253/648/173 632/649/190 1140/646/188
f 253/648/173 605/650/179 1141/651/191 632/649/190
f 605/650/179 262/636/77 629/639/185 1141/651/191
f 226/652/162 560/653/172 1142/654/192 633/655/193
f 560/653/172 244/644/171 631/647/189 1142/654/192
f 232/632/164 572/656/163 1143/657/194 628/633/183
f 572/656/163 226/652/162 633/655/193 1143/657/194
f 1144/658/195 630/659/186 218/660/74 551/661/73
f 646/662/196 1144/658/195 551/661/73 269/663/72
f 440/664/197 444/665/198 955/666/199 950/667/200
f 1145/668/201 646/662/196 269/663/72 640/669/202
f 541/418/158 1145/668/201 640/669/202 214/415/155
f 248/577/71 615/609/71 1146/670/71 644/671/71
f 615/609/71 257/419/71 645/672/71 1146/670/71
f 1146/670/71 645/672/71 274/243/71 647/618/71
f 644/671/71 1146/670/71 647/618/71 273/594/71
f 240/541/71 600/573/71 1147/673/71 643/674/71
f 600/573/71 248/577/71 644/671/71 1147/673/71
f 1147/673/71 644/671/71 273/594/71 648/592/71
f 643/674/71 1147/673/71 648/592/71 272/556/71
f 225/450/71 586/537/71 1148/675/71 641/676/71
f 586/537/71 240/541/71 643/674/71 1148/675/71
f 1148/675/71 643/674/71 272/556/71 649/554/71
f 641/676/71 1148/675/71 649/554/71 270/482/71
f 184/513/169 575/516/71 1149/677/71 637/678/175
f 575/516/71 235/442/71 642/679/71 1149/677/71
f 1149/677/71 642/679/71 271/478/71 650/488/71
f 637/678/175 1149/677/71 650/488/71 266/487/125
f 235/442/71 559/445/71 1150/680/71 642/679/71
f 559/445/71 225/450/71 641/676/71 1150/680/71
f 1150/680/71 641/676/71 270/482/71 651/479/71
f 642/679/71 1150/680/71 651/479/71 271/478/71
f 638/600/176 637/599/175 266/328/125 267/331/128
f 186/681/110 1365/602/145 1364/560/145 192/682/94
f 291/683/203 294/684/204 665/685/205 673/686/206
f 673/686/206 665/685/205 283/687/207 284/688/208
f 1531/500/167 1250/499/167 870/472/161 802/471/161
f 504/269/89 188/268/89 636/689/136 1151/690/136
f 1151/690/136 636/689/136 265/358/135 652/367/135
f 1539/349/136 1293/348/136 798/691/89 1263/692/89
f 188/268/89 508/351/89 1152/693/136 636/689/136
f 508/351/89 194/355/138 534/694/178 1152/693/136
f 1152/693/136 534/694/178 268/361/130 653/359/135
f 636/689/136 1152/693/136 653/359/135 265/358/135
f 257/419/71 552/422/71 1153/695/71 645/672/71
f 1363/425/71 214/426/155 640/696/202 1386/697/71
f 1386/697/71 640/696/202 269/248/72 1369/247/71
f 645/672/71 1153/695/71 654/244/71 274/243/71
f 348/698/71 769/699/71 1154/700/71 794/701/71
f 769/699/71 338/702/209 763/703/210 1154/700/71
f 1414/704/71 1403/705/211 299/706/212 699/707/213
f 1404/708/71 1414/704/71 699/707/213 343/709/214
f 289/710/215 680/711/216 1155/712/217 671/713/218
f 680/711/216 293/714/219 675/715/220 1155/712/217
f 1155/712/217 675/715/220 286/716/221 666/717/222
f 671/713/218 1155/712/217 666/717/222 279/718/223
f 290/719/224 678/720/224 1156/721/225 657/722/225
f 1501/723/224 678/720/224 1160/724/226 1478/725/226
f 1490/726/225 1156/721/225 678/720/224 1501/723/224
f 657/722/225 1156/721/225 659/727/227 280/728/227
f 281/729/228 667/730/229 668/731/230 282/732/231
f 285/733/232 286/734/221 675/735/220 661/736/233
f 1164/737/141 655/738/96 212/739/96 681/740/141
f 768/741/91 332/742/91 693/743/91 1157/744/91
f 1415/745/91 1397/746/91 275/747/91 658/748/91
f 430/749/234 1410/750/100 1409/751/100 433/752/235
f 669/753/236 673/686/206 284/688/208 276/754/237
f 308/755/238 307/756/239 692/757/240 694/758/241
f 694/758/241 692/757/240 285/733/232 277/759/242
f 661/736/233 675/735/220 293/760/219 292/761/243
f 1525/762/91 658/748/91 1158/763/91 1488/764/91
f 275/747/91 664/765/91 1158/763/91 658/748/91
f 664/765/91 282/766/231 668/767/230 1158/763/91
f 1513/768/227 659/727/227 1156/721/225 1490/726/225
f 1488/764/91 1158/763/91 668/767/230 1505/769/230
f 506/770/158 836/771/158 1286/772/201 1573/773/201
f 1573/773/201 1286/772/201 939/774/196 1551/775/196
f 1228/776/133 204/777/133 914/778/78 821/779/78
f 663/780/244 667/730/229 281/729/228 278/781/245
f 277/759/242 285/733/232 661/736/233 656/782/246
f 656/782/246 661/736/233 292/761/243 288/783/247
f 288/783/247 292/761/243 674/784/248 670/785/249
f 670/785/249 674/784/248 291/683/203 287/786/250
f 213/787/144 682/788/251 683/789/252 210/790/131
f 292/761/243 293/760/219 676/791/253 674/784/248
f 674/784/248 676/791/253 294/684/204 291/683/203
f 210/790/131 683/789/252 779/792/254 211/793/132
f 285/733/232 692/757/240 717/794/255 286/734/221
f 279/718/223 660/795/256 1159/796/257 671/713/218
f 1509/797/229 961/798/229 962/799/230 1504/800/230
f 1480/801/257 1159/796/257 660/795/256 1511/802/256
f 671/713/218 1159/796/257 677/803/215 289/710/215
f 289/710/215 677/803/215 1160/724/226 672/804/226
f 1435/805/258 1357/806/258 1086/807/259 1482/808/259
f 1478/725/226 1160/724/226 677/803/215 1503/809/215
f 672/804/226 1160/724/226 678/720/224 290/719/224
f 280/728/227 662/810/227 1161/811/225 657/722/225
f 662/810/227 283/812/207 665/813/205 1161/811/225
f 1161/811/225 665/813/205 294/814/204 679/815/224
f 657/722/225 1161/811/225 679/815/224 290/719/224
f 290/719/224 679/815/224 1162/816/226 672/804/226
f 679/815/224 294/814/204 676/817/253 1162/816/226
f 1162/816/226 676/817/253 293/714/219 680/711/216
f 672/804/226 1162/816/226 680/711/216 289/710/215
f 339/818/259 681/740/141 1163/819/141 793/820/259
f 681/740/141 212/739/96 535/821/96 1163/819/141
f 1163/819/141 535/821/96 211/822/132 779/823/254
f 793/820/259 1163/819/141 779/823/254 342/824/260
f 428/825/261 436/826/262 967/827/263 963/828/264
f 1482/808/259 1086/807/259 1306/829/141 1455/368/141
f 949/627/96 190/626/97 1099/283/97 655/282/96
f 792/830/259 1164/737/141 681/740/141 339/818/259
f 779/792/254 683/789/252 341/831/265 342/832/260
f 300/833/145 697/834/145 728/835/146 298/836/146
f 320/837/145 318/838/145 697/834/145 703/839/145
f 683/789/252 682/788/251 340/840/266 341/831/265
f 717/794/255 692/757/240 307/756/239 310/841/267
f 307/756/239 714/842/145 698/843/146 310/841/267
f 337/844/71 762/845/71 1165/846/71 767/847/71
f 1402/848/71 296/849/268 686/850/269 1416/851/71
f 1416/851/71 686/850/269 297/852/270 1398/853/71
f 767/847/71 1165/846/71 696/854/71 333/855/71
f 333/855/71 696/854/71 1166/856/71 766/857/71
f 1398/853/71 297/852/270 687/858/271 1417/859/71
f 1417/859/71 687/858/271 278/860/245 1401/861/145
f 766/857/71 1166/856/71 761/862/145 336/863/145
f 297/864/270 688/865/272 1167/866/273 687/867/271
f 687/867/271 1167/866/273 663/868/244 278/869/245
f 296/870/268 689/871/274 1168/872/275 686/873/269
f 686/873/269 1168/872/275 688/865/272 297/864/270
f 295/874/276 690/875/277 1169/876/278 685/877/279
f 685/877/279 1169/876/278 689/871/274 296/870/268
f 334/878/71 700/879/71 1170/880/71 765/881/71
f 1399/882/71 295/883/276 685/884/279 1418/885/71
f 1418/885/71 685/884/279 296/849/268 1402/848/71
f 765/881/71 1170/880/71 762/845/71 337/844/71
f 332/742/91 764/886/91 1171/887/91 693/743/91
f 764/886/91 331/888/146 691/889/146 1171/887/91
f 1419/890/91 1396/891/146 282/766/231 664/765/91
f 1397/746/91 1419/890/91 664/765/91 275/747/91
f 312/892/280 727/893/281 1172/894/91 702/895/91
f 727/893/281 310/896/267 698/897/146 1172/894/91
f 1172/894/91 698/897/146 298/898/146 708/899/91
f 702/895/91 1172/894/91 708/899/91 301/900/91
f 314/901/71 706/902/71 1173/903/71 726/904/71
f 706/902/71 305/905/71 709/906/71 1173/903/71
f 1173/903/71 709/906/71 303/907/71 716/908/71
f 726/904/71 1173/903/71 716/908/71 309/909/71
f 313/910/71 705/911/71 1174/912/71 725/913/71
f 705/911/71 304/914/71 710/915/71 1174/912/71
f 1174/912/71 710/915/71 302/916/145 715/917/145
f 725/913/71 1174/912/71 715/917/145 308/918/238
f 309/909/71 716/908/71 1175/919/71 724/920/71
f 716/908/71 303/907/71 711/921/71 1175/919/71
f 1175/919/71 711/921/71 304/914/71 705/911/71
f 724/920/71 1175/919/71 705/911/71 313/910/71
f 728/835/146 697/834/145 318/838/145 315/922/146
f 318/838/145 731/923/145 742/924/146 315/922/146
f 703/839/145 697/834/145 300/833/145 302/925/145
f 302/925/145 300/833/145 714/842/145 715/926/145
f 1459/927/91 1048/928/91 1336/929/91 1441/930/91
f 723/931/282 312/892/280 702/895/91 1176/932/91
f 1176/932/91 702/895/91 301/900/91 712/933/91
f 1447/934/91 1318/935/91 1017/936/282 1463/937/282
f 345/938/71 722/939/71 1177/940/71 791/941/71
f 722/939/71 311/942/283 718/943/284 1177/940/71
f 1177/940/71 718/943/284 306/944/285 713/945/71
f 791/941/71 1177/940/71 713/945/71 344/946/71
f 340/947/266 682/948/251 1178/949/286 790/950/71
f 682/948/251 213/951/144 701/952/287 1178/949/286
f 1178/949/286 701/952/287 311/942/283 722/939/71
f 790/950/71 1178/949/286 722/939/71 345/938/71
f 1461/953/91 1034/954/91 1330/955/91 1443/956/91
f 660/795/256 279/718/223 719/957/288 1179/958/289
f 1179/958/289 719/957/288 312/892/280 723/931/282
f 1445/959/289 1321/960/289 954/961/256 1510/962/256
f 287/963/250 695/964/71 1180/965/71 670/966/249
f 695/964/71 309/909/71 724/920/71 1180/965/71
f 1180/965/71 724/920/71 313/910/71 720/967/71
f 670/966/249 1180/965/71 720/967/71 288/968/247
f 288/968/247 720/967/71 1181/969/71 656/970/246
f 720/967/71 313/910/71 725/913/71 1181/969/71
f 1181/969/71 725/913/71 308/918/238 694/971/241
f 656/970/246 1181/969/71 694/971/241 277/972/242
f 276/973/237 721/974/71 1182/975/71 669/976/236
f 721/974/71 314/901/71 726/904/71 1182/975/71
f 1182/975/71 726/904/71 309/909/71 695/964/71
f 669/976/236 1182/975/71 695/964/71 287/963/250
f 279/718/223 666/717/222 1183/977/290 719/957/288
f 666/717/222 286/716/221 717/978/255 1183/977/290
f 1183/977/290 717/978/255 310/896/267 727/893/281
f 719/957/288 1183/977/290 727/893/281 312/892/280
f 698/843/146 714/842/145 300/833/145 298/836/146
f 327/979/145 746/980/145 756/981/146 323/982/146
f 715/926/145 714/842/145 307/756/239 308/755/238
f 328/983/145 327/979/145 731/923/145 733/984/145
f 733/984/145 731/923/145 318/838/145 320/837/145
f 336/985/145 335/986/145 746/980/145 747/987/145
f 742/924/146 731/923/145 327/979/145 323/982/146
f 335/986/145 760/988/145 691/989/146 331/990/146
f 301/900/91 708/899/91 1184/991/91 729/992/91
f 708/899/91 298/898/146 728/993/146 1184/991/91
f 1184/991/91 728/993/146 315/994/146 736/995/91
f 729/992/91 1184/991/91 736/995/91 316/996/91
f 305/905/71 732/997/71 1185/998/71 709/906/71
f 732/997/71 319/999/71 737/1000/71 1185/998/71
f 1185/998/71 737/1000/71 321/1001/71 704/1002/71
f 709/906/71 1185/998/71 704/1002/71 303/907/71
f 304/914/71 730/1003/71 1186/1004/71 710/915/71
f 730/1003/71 317/1005/71 738/1006/71 1186/1004/71
f 1186/1004/71 738/1006/71 320/1007/145 703/1008/145
f 710/915/71 1186/1004/71 703/1008/145 302/916/145
f 303/907/71 704/1002/71 1187/1009/71 711/921/71
f 704/1002/71 321/1001/71 739/1010/71 1187/1009/71
f 1187/1009/71 739/1010/71 317/1005/71 730/1003/71
f 711/921/71 1187/1009/71 730/1003/71 304/914/71
f 1465/1011/91 1006/1012/91 1318/935/91 1447/934/91
f 712/933/91 301/900/91 729/992/91 1188/1013/91
f 1188/1013/91 729/992/91 316/996/91 740/1014/91
f 1443/956/91 1330/955/91 1006/1012/91 1465/1011/91
f 344/946/71 713/945/71 1189/1015/71 789/1016/71
f 713/945/71 306/944/285 707/1017/291 1189/1015/71
f 1189/1015/71 707/1017/291 322/1018/292 741/1019/71
f 789/1016/71 1189/1015/71 741/1019/71 346/1020/71
f 756/981/146 746/980/145 335/986/145 331/990/146
f 341/831/265 778/1021/293 684/1022/294 342/832/260
f 747/987/145 746/980/145 327/979/145 328/983/145
f 1400/1023/145 760/988/145 761/1024/145 1401/1025/145
f 316/996/91 736/995/91 1190/1026/91 743/1027/91
f 736/995/91 315/994/146 742/1028/146 1190/1026/91
f 1190/1026/91 742/1028/146 323/1029/146 750/1030/91
f 743/1027/91 1190/1026/91 750/1030/91 324/1031/91
f 319/999/71 745/1032/71 1191/1033/71 737/1000/71
f 745/1032/71 326/1034/71 751/1035/71 1191/1033/71
f 1191/1033/71 751/1035/71 329/1036/71 734/1037/71
f 737/1000/71 1191/1033/71 734/1037/71 321/1001/71
f 317/1005/71 744/1038/71 1192/1039/71 738/1006/71
f 744/1038/71 325/1040/71 752/1041/71 1192/1039/71
f 1192/1039/71 752/1041/71 328/1042/145 733/1043/145
f 738/1006/71 1192/1039/71 733/1043/145 320/1007/145
f 321/1001/71 734/1037/71 1193/1044/71 739/1010/71
f 734/1037/71 329/1036/71 753/1045/71 1193/1044/71
f 1193/1044/71 753/1045/71 325/1040/71 744/1038/71
f 739/1010/71 1193/1044/71 744/1038/71 317/1005/71
f 1457/1046/91 1062/1047/91 1342/1048/91 1437/1049/91
f 740/1014/91 316/996/91 743/1027/91 1194/1050/91
f 1194/1050/91 743/1027/91 324/1031/91 754/1051/91
f 1441/930/91 1336/929/91 1034/954/91 1461/953/91
f 346/1020/71 741/1019/71 1195/1052/71 788/1053/71
f 741/1019/71 322/1018/292 735/1054/295 1195/1052/71
f 1195/1052/71 735/1054/295 330/1055/296 755/1056/71
f 788/1053/71 1195/1052/71 755/1056/71 347/1057/71
f 761/1024/145 760/988/145 335/986/145 336/985/145
f 340/840/266 777/1058/297 778/1021/293 341/831/265
f 691/989/146 760/988/145 1400/1023/145 1396/1059/146
f 193/1060/95 192/682/94 1364/560/145 1360/563/146
f 324/1031/91 750/1030/91 1196/1061/91 757/1062/91
f 750/1030/91 323/1029/146 756/1063/146 1196/1061/91
f 1196/1061/91 756/1063/146 331/888/146 764/886/91
f 757/1062/91 1196/1061/91 764/886/91 332/742/91
f 326/1034/71 759/1064/71 1197/1065/71 751/1035/71
f 759/1064/71 334/878/71 765/881/71 1197/1065/71
f 1197/1065/71 765/881/71 337/844/71 748/1066/71
f 751/1035/71 1197/1065/71 748/1066/71 329/1036/71
f 325/1040/71 758/1067/71 1198/1068/71 752/1041/71
f 758/1067/71 333/855/71 766/857/71 1198/1068/71
f 1198/1068/71 766/857/71 336/863/145 747/1069/145
f 752/1041/71 1198/1068/71 747/1069/145 328/1042/145
f 329/1036/71 748/1066/71 1199/1070/71 753/1045/71
f 748/1066/71 337/844/71 767/847/71 1199/1070/71
f 1199/1070/71 767/847/71 333/855/71 758/1067/71
f 753/1045/71 1199/1070/71 758/1067/71 325/1040/71
f 1521/1071/91 1423/1072/91 1299/1073/91 1487/1074/91
f 754/1051/91 324/1031/91 757/1062/91 1200/1075/91
f 1200/1075/91 757/1062/91 332/742/91 768/741/91
f 1437/1049/91 1342/1048/91 1048/928/91 1459/927/91
f 347/1057/71 755/1056/71 1201/1076/71 787/1077/71
f 755/1056/71 330/1055/296 749/1078/298 1201/1076/71
f 1201/1076/71 749/1078/298 338/702/209 769/699/71
f 787/1077/71 1201/1076/71 769/699/71 348/698/71
f 213/1079/144 627/1080/181 1202/1081/180 701/1082/287
f 1137/622/181 1450/621/180 1202/1081/180 627/1080/181
f 701/1082/287 1202/1081/180 770/1083/299 311/1084/283
f 338/1085/209 771/1086/300 1203/1087/301 763/1088/210
f 1484/1089/300 771/1086/300 1205/1090/302 1516/1091/302
f 1467/1092/303 772/1093/303 1420/1094/304 1527/1095/304
f 1403/1096/211 1420/1094/304 772/1093/303 299/1097/212
f 322/1098/292 773/1099/305 1204/1100/306 735/1101/295
f 735/1101/295 1204/1100/306 774/1102/307 330/1103/296
f 330/1103/296 774/1102/307 1205/1090/302 749/1104/298
f 1517/1105/302 1470/1106/307 1068/1107/307 1347/1108/302
f 749/1104/298 1205/1090/302 771/1086/300 338/1085/209
f 306/1109/285 775/1110/308 1206/1111/309 707/1112/291
f 707/1112/291 1206/1111/309 773/1099/305 322/1098/292
f 311/1084/283 770/1083/299 1207/1113/310 718/1114/284
f 718/1114/284 1207/1113/310 775/1110/308 306/1109/285
f 1433/1115/311 1351/1116/311 984/1117/312 1497/1118/277
f 786/1119/313 343/1120/214 699/1121/213 1208/1122/314
f 1208/1122/314 699/1121/213 299/1123/212 772/1124/303
f 1432/1125/311 1209/1126/315 786/1119/313 1472/1127/313
f 690/875/277 295/874/276 780/1128/316 1209/1126/315
f 1209/1126/315 780/1128/316 343/1120/214 786/1119/313
f 326/1034/71 784/1129/71 1210/1130/71 759/1064/71
f 784/1129/71 347/1057/71 787/1077/71 1210/1130/71
f 1210/1130/71 787/1077/71 348/698/71 785/1131/71
f 759/1064/71 1210/1130/71 785/1131/71 334/878/71
f 319/999/71 783/1132/71 1211/1133/71 745/1032/71
f 783/1132/71 346/1020/71 788/1053/71 1211/1133/71
f 1211/1133/71 788/1053/71 347/1057/71 784/1129/71
f 745/1032/71 1211/1133/71 784/1129/71 326/1034/71
f 305/905/71 781/1134/71 1212/1135/71 732/997/71
f 781/1134/71 344/946/71 789/1016/71 1212/1135/71
f 1212/1135/71 789/1016/71 346/1020/71 783/1132/71
f 732/997/71 1212/1135/71 783/1132/71 319/999/71
f 276/973/237 777/1136/297 1213/1137/71 721/974/71
f 777/1136/297 340/947/266 790/950/71 1213/1137/71
f 1213/1137/71 790/950/71 345/938/71 782/1138/71
f 721/974/71 1213/1137/71 782/1138/71 314/901/71
f 314/901/71 782/1138/71 1214/1139/71 706/902/71
f 782/1138/71 345/938/71 791/941/71 1214/1139/71
f 1214/1139/71 791/941/71 344/946/71 781/1134/71
f 706/902/71 1214/1139/71 781/1134/71 305/905/71
f 278/1140/245 281/1141/228 1400/1023/145 1401/1025/145
f 778/1021/293 777/1058/297 276/754/237 284/688/208
f 684/1022/294 778/1021/293 284/688/208 283/687/207
f 282/1142/231 1396/1059/146 1400/1023/145 281/1141/228
f 1463/937/282 1017/936/282 1321/960/289 1445/959/289
f 1512/1143/227 953/1144/227 1357/806/258 1435/805/258
f 1215/1145/258 792/830/259 339/818/259 776/1146/258
f 659/727/227 1215/1145/258 776/1146/258 280/728/227
f 280/728/227 776/1146/258 1216/1147/258 662/810/227
f 776/1146/258 339/818/259 793/820/259 1216/1147/258
f 1216/1147/258 793/820/259 342/824/260 684/1148/294
f 662/810/227 1216/1147/258 684/1148/294 283/812/207
f 334/878/71 785/1131/71 1217/1149/71 700/879/71
f 785/1131/71 348/698/71 794/701/71 1217/1149/71
f 1421/1150/71 1404/708/71 343/709/214 780/1151/316
f 1399/882/71 1421/1150/71 780/1151/316 295/883/276
f 426/1152/317 920/1153/317 1218/1154/317 948/1155/317
f 920/1153/317 416/1156/318 913/1157/319 1218/1154/317
f 1387/1158/317 1377/1159/320 377/1160/321 845/1161/322
f 1378/1162/317 1387/1158/317 845/1161/322 421/1163/323
f 363/1164/78 824/1165/81 1219/1166/324 813/1167/325
f 824/1165/81 367/1168/326 817/1169/327 1219/1166/324
f 1219/1166/324 817/1169/327 360/1170/328 806/1171/329
f 813/1167/325 1219/1166/324 806/1171/329 353/1172/330
f 364/1173/87 822/1174/87 1220/1175/88 796/1176/88
f 1366/1177/185 1393/1178/185 1560/1179/184 1561/1180/184
f 1394/1181/187 1575/1182/187 1542/1183/186 924/1184/186
f 796/1176/88 1220/1175/88 798/691/89 354/1185/89
f 815/324/121 805/323/120 357/1186/331 358/1187/332
f 355/1188/99 809/1189/93 810/1190/92 356/1191/333
f 1549/1192/193 1548/1193/193 1566/1194/192 1567/1195/192
f 919/588/91 410/1196/91 839/1197/91 1221/1198/91
f 1388/1199/91 1371/1200/91 349/1201/91 797/1202/91
f 198/1203/154 1225/1204/154 1554/1205/153 1555/1206/153
f 811/366/140 815/324/121 358/1187/332 350/1207/334
f 1385/643/187 1574/1208/187 1560/1179/184 1139/638/184
f 386/1209/335 385/1210/336 838/1211/337 840/1212/338
f 1546/1213/190 1547/1214/190 1564/1215/191 1565/1216/191
f 840/1212/338 838/1211/337 359/1217/339 351/1218/340
f 926/1219/190 1546/1213/190 1565/1216/191 1282/1220/191
f 803/1221/109 809/1189/93 355/1188/99 352/1222/98
f 1565/1216/191 1564/1215/191 1393/1178/185 1366/1177/185
f 359/1217/339 360/1223/328 817/1224/327 800/1225/341
f 1572/1226/201 1573/773/201 1551/775/196 1550/1227/196
f 349/1201/91 804/1228/91 1224/1229/91 797/1202/91
f 804/1228/91 356/1230/333 810/1231/92 1224/1229/91
f 1575/1182/187 1574/1208/187 1543/1232/186 1542/1183/186
f 1145/668/201 1572/1226/201 1550/1227/196 646/662/196
f 204/777/133 205/341/133 899/345/78 914/778/78
f 351/1218/340 359/1217/339 800/1225/341 795/1233/342
f 1282/1220/191 1565/1216/191 1366/1177/185 923/1234/185
f 795/1233/342 800/1225/341 366/1235/343 362/1236/344
f 1545/1237/189 1544/1238/189 1562/1239/188 1563/1240/188
f 362/1236/344 366/1235/343 816/1241/345 812/1242/346
f 925/1243/189 1545/1237/189 1563/1240/188 1281/1244/188
f 812/1242/346 816/1241/345 365/321/118 361/365/139
f 1550/1227/196 1551/775/196 1571/1245/195 1570/1246/195
f 372/1247/347 826/1248/348 828/1249/349 369/1250/350
f 646/662/196 1550/1227/196 1570/1246/195 1144/658/195
f 800/1225/341 817/1224/327 367/1251/326 366/1235/343
f 366/1235/343 367/1251/326 818/1252/351 816/1241/345
f 816/1241/345 818/1252/351 368/322/119 365/321/118
f 369/1250/350 828/1249/349 932/1253/352 370/1254/353
f 353/1172/330 799/498/134 1228/776/133 813/1167/325
f 541/418/158 515/1255/158 1572/1226/201 1145/668/201
f 515/1255/158 506/770/158 1573/773/201 1572/1226/201
f 813/1167/325 1228/776/133 821/779/78 363/1164/78
f 363/1164/78 821/779/78 1229/1256/90 814/1257/90
f 1540/1258/91 1292/1259/91 1270/274/91 1541/615/91
f 923/1234/185 1366/1177/185 1561/1180/184 1280/1260/184
f 814/1257/90 1229/1256/90 822/1174/87 364/1173/87
f 354/1185/89 801/1261/89 1230/1262/88 796/1176/88
f 801/1261/89 357/1263/331 805/1264/120 1230/1262/88
f 1230/1262/88 805/1264/120 368/1265/119 823/1266/87
f 796/1176/88 1230/1262/88 823/1266/87 364/1173/87
f 364/1173/87 823/1266/87 1231/1267/90 814/1257/90
f 823/1266/87 368/1265/119 818/1268/351 1231/1267/90
f 1231/1267/90 818/1268/351 367/1168/326 824/1165/81
f 814/1257/90 1231/1267/90 824/1165/81 363/1164/78
f 417/1269/135 825/1270/97 1232/1271/97 947/1272/135
f 825/1270/97 371/1273/96 830/1274/96 1232/1271/97
f 1232/1271/97 830/1274/96 370/1275/353 932/1276/352
f 947/1272/135 1232/1271/97 932/1276/352 420/1277/354
f 1574/1208/187 1575/1182/187 1561/1180/184 1560/1179/184
f 927/1278/193 1549/1192/193 1567/1195/192 1283/1279/192
f 1233/373/97 827/1280/96 371/1273/96 825/1270/97
f 946/347/135 1233/373/97 825/1270/97 417/1269/135
f 359/1217/339 838/1211/337 864/1281/355 360/1223/328
f 932/1253/352 828/1249/349 419/1282/356 420/1283/354
f 398/1284/100 396/1285/100 843/1286/100 849/1287/100
f 828/1249/349 826/1248/348 418/1288/357 419/1282/356
f 1567/1195/192 1566/1194/192 1544/1238/189 1545/1237/189
f 1283/1279/192 1567/1195/192 1545/1237/189 925/1243/189
f 378/1289/100 843/1286/100 876/1290/358 376/1291/358
f 864/1281/355 838/1211/337 385/1210/336 388/1292/359
f 415/1293/317 912/1294/317 1235/1295/317 918/1296/317
f 1376/1297/317 374/1298/360 832/1299/361 1389/1300/317
f 1389/1300/317 832/1299/361 375/1301/362 1372/1302/317
f 918/1296/317 1235/1295/317 842/1303/317 411/1304/317
f 411/1304/317 842/1303/317 1236/1305/317 917/1306/317
f 1372/1302/317 375/1301/362 833/1307/363 1390/1308/317
f 1390/1308/317 833/1307/363 352/1309/98 1375/1310/100
f 917/1306/317 1236/1305/317 911/1311/100 414/1312/100
f 375/1313/362 834/1314/152 1237/1315/151 833/1316/363
f 1468/1317/275 1168/872/275 689/871/274 1492/1318/274
f 833/1316/363 1237/1315/151 803/1319/109 352/1320/98
f 374/1321/360 835/1322/154 1238/1323/153 832/1324/361
f 1574/1208/187 1385/643/187 630/642/186 1543/1232/186
f 832/1324/361 1238/1323/153 834/1314/152 375/1313/362
f 373/1325/364 836/771/158 1239/1326/157 831/1327/365
f 1393/1178/185 629/639/185 1139/638/184 1560/1179/184
f 831/1327/365 1239/1326/157 835/1322/154 374/1321/360
f 412/1328/317 846/1329/317 1240/1330/317 916/1331/317
f 1373/1332/317 373/1333/364 831/1334/365 1391/1335/317
f 1391/1335/317 831/1334/365 374/1298/360 1376/1297/317
f 916/1331/317 1240/1330/317 912/1294/317 415/1293/317
f 410/1196/91 915/1336/91 1241/1337/91 839/1197/91
f 915/1336/91 409/1338/358 837/1339/358 1241/1337/91
f 1392/1340/91 1370/1341/358 356/1230/333 804/1228/91
f 1371/1200/91 1392/1340/91 804/1228/91 349/1201/91
f 390/1342/366 874/1343/367 1242/1344/91 848/1345/91
f 874/1343/367 388/1346/359 844/1347/358 1242/1344/91
f 1242/1344/91 844/1347/358 376/1348/358 854/1349/91
f 848/1345/91 1242/1344/91 854/1349/91 379/1350/91
f 392/1351/317 852/1352/317 1243/1353/317 873/1354/317
f 852/1352/317 383/1355/317 855/1356/317 1243/1353/317
f 1243/1353/317 855/1356/317 381/1357/317 863/1358/317
f 873/1354/317 1243/1353/317 863/1358/317 387/1359/317
f 391/1360/317 851/1361/317 1244/1362/317 872/1363/317
f 851/1361/317 382/1364/317 856/1365/317 1244/1362/317
f 1244/1362/317 856/1365/317 380/1366/100 862/1367/100
f 872/1363/317 1244/1362/317 862/1367/100 386/1368/335
f 387/1359/317 863/1358/317 1245/1369/317 871/1370/317
f 863/1358/317 381/1357/317 857/1371/317 1245/1369/317
f 1245/1369/317 857/1371/317 382/1364/317 851/1361/317
f 871/1370/317 1245/1369/317 851/1361/317 391/1360/317
f 385/1210/336 861/1372/100 844/1373/358 388/1292/359
f 876/1290/358 843/1286/100 396/1285/100 393/1374/358
f 849/1287/100 843/1286/100 378/1289/100 380/1375/100
f 1557/1376/157 1556/1377/157 1225/1204/154 198/1203/154
f 380/1375/100 378/1289/100 861/1372/100 862/1378/100
f 1239/1326/157 1557/1376/157 198/1203/154 835/1322/154
f 1563/1240/188 1562/1239/188 1547/1214/190 1546/1213/190
f 870/472/161 390/1342/366 848/1345/91 1247/473/91
f 1247/473/91 848/1345/91 379/1350/91 859/550/91
f 1144/658/195 1570/1246/195 1543/1379/186 630/659/186
f 423/1380/317 869/1381/317 1248/1382/317 944/1383/317
f 869/1381/317 389/1384/368 865/1385/369 1248/1382/317
f 1248/1382/317 865/1385/369 384/1386/370 860/1387/317
f 944/1383/317 1248/1382/317 860/1387/317 422/1388/317
f 418/1389/357 826/1390/348 1249/1391/371 943/1392/317
f 826/1390/348 372/1393/347 847/1394/372 1249/1391/371
f 1249/1391/371 847/1394/372 389/1384/368 869/1381/317
f 943/1392/317 1249/1391/371 869/1381/317 423/1380/317
f 569/1395/91 556/589/91 242/1396/91 251/616/91
f 799/498/134 353/1172/330 866/1397/373 1250/499/167
f 1250/499/167 866/1397/373 390/1342/366 870/472/161
f 513/279/93 1226/343/93 1234/1398/109 509/305/109
f 361/1399/139 841/1400/317 1251/1401/317 812/1402/346
f 841/1400/317 387/1359/317 871/1370/317 1251/1401/317
f 1251/1401/317 871/1370/317 391/1360/317 867/1403/317
f 812/1402/346 1251/1401/317 867/1403/317 362/1404/344
f 362/1404/344 867/1403/317 1252/1405/317 795/1406/342
f 867/1403/317 391/1360/317 872/1363/317 1252/1405/317
f 1252/1405/317 872/1363/317 386/1368/335 840/1407/338
f 795/1406/342 1252/1405/317 840/1407/338 351/1408/340
f 350/1409/334 868/1410/317 1253/1411/317 811/1412/140
f 868/1410/317 392/1351/317 873/1354/317 1253/1411/317
f 1253/1411/317 873/1354/317 387/1359/317 841/1400/317
f 811/1412/140 1253/1411/317 841/1400/317 361/1399/139
f 353/1172/330 806/1171/329 1254/1413/374 866/1397/373
f 806/1171/329 360/1170/328 864/1414/355 1254/1413/374
f 1254/1413/374 864/1414/355 388/1346/359 874/1343/367
f 866/1397/373 1254/1413/374 874/1343/367 390/1342/366
f 396/1285/100 879/1415/100 891/1416/358 393/1374/358
f 844/1373/358 861/1372/100 378/1289/100 376/1291/358
f 862/1378/100 861/1372/100 385/1210/336 386/1209/335
f 858/1417/152 1552/1418/151 1553/1419/151 820/1420/152
f 406/1421/100 405/1422/100 879/1415/100 881/1423/100
f 539/408/152 1102/407/151 1552/1418/151 858/1417/152
f 881/1423/100 879/1415/100 396/1285/100 398/1284/100
f 1555/1206/153 1554/1205/153 858/1417/152 820/1420/152
f 414/1424/100 413/1425/100 895/1426/100 896/1427/100
f 1238/1323/153 1555/1206/153 820/1420/152 834/1314/152
f 405/1422/100 895/1426/100 906/1428/358 401/1429/358
f 891/1416/358 879/1415/100 405/1422/100 401/1429/358
f 379/1350/91 854/1349/91 1257/1430/91 877/1431/91
f 854/1349/91 376/1348/358 876/1432/358 1257/1430/91
f 1257/1430/91 876/1432/358 393/1433/358 885/1434/91
f 877/1431/91 1257/1430/91 885/1434/91 394/1435/91
f 383/1355/317 880/1436/317 1258/1437/317 855/1356/317
f 880/1436/317 397/1438/317 886/1439/317 1258/1437/317
f 1258/1437/317 886/1439/317 399/1440/317 850/1441/317
f 855/1356/317 1258/1437/317 850/1441/317 381/1357/317
f 382/1364/317 878/1442/317 1259/1443/317 856/1365/317
f 878/1442/317 395/1444/317 887/1445/317 1259/1443/317
f 1259/1443/317 887/1445/317 398/1446/100 849/1447/100
f 856/1365/317 1259/1443/317 849/1447/100 380/1366/100
f 381/1357/317 850/1441/317 1260/1448/317 857/1371/317
f 850/1441/317 399/1440/317 888/1449/317 1260/1448/317
f 1260/1448/317 888/1449/317 395/1444/317 878/1442/317
f 857/1371/317 1260/1448/317 878/1442/317 382/1364/317
f 1570/1246/195 1571/1245/195 1542/1450/186 1543/1379/186
f 859/550/91 379/1350/91 877/1431/91 1261/494/91
f 1261/494/91 877/1431/91 394/1435/91 889/495/91
f 625/293/91 569/1395/91 251/616/91 1092/294/91
f 422/1388/317 860/1387/317 1262/1451/317 942/1452/317
f 860/1387/317 384/1386/370 853/1453/375 1262/1451/317
f 1262/1451/317 853/1453/375 400/1454/376 890/1455/317
f 942/1452/317 1262/1451/317 890/1455/317 424/1456/317
f 413/1425/100 910/1457/100 837/1458/358 409/1459/358
f 906/1428/358 895/1426/100 413/1425/100 409/1459/358
f 896/1427/100 895/1426/100 405/1422/100 406/1421/100
f 506/770/158 515/1255/158 1556/1377/157 1557/1376/157
f 1374/288/100 910/1457/100 911/1460/100 1375/289/100
f 836/771/158 506/770/158 1557/1376/157 1239/1326/157
f 394/1435/91 885/1434/91 1264/1461/91 892/1462/91
f 885/1434/91 393/1433/358 891/1463/358 1264/1461/91
f 1264/1461/91 891/1463/358 401/1464/358 900/1465/91
f 892/1462/91 1264/1461/91 900/1465/91 402/1466/91
f 397/1438/317 894/1467/317 1265/1468/317 886/1439/317
f 894/1467/317 404/1469/317 901/1470/317 1265/1468/317
f 1265/1468/317 901/1470/317 407/1471/317 882/1472/317
f 886/1439/317 1265/1468/317 882/1472/317 399/1440/317
f 395/1444/317 893/1473/317 1266/1474/317 887/1445/317
f 893/1473/317 403/1475/317 902/1476/317 1266/1474/317
f 1266/1474/317 902/1476/317 406/1477/100 881/1478/100
f 887/1445/317 1266/1474/317 881/1478/100 398/1446/100
f 399/1440/317 882/1472/317 1267/1479/317 888/1449/317
f 882/1472/317 407/1471/317 903/1480/317 1267/1479/317
f 1267/1479/317 903/1480/317 403/1475/317 893/1473/317
f 888/1449/317 1267/1479/317 893/1473/317 395/1444/317
f 520/1481/183 1568/1482/194 1569/1483/194 521/1484/183
f 889/495/91 394/1435/91 892/1462/91 1268/468/91
f 1268/468/91 892/1462/91 402/1466/91 904/469/91
f 1281/1244/188 1563/1240/188 1546/1213/190 926/1219/190
f 424/1456/317 890/1455/317 1269/1485/317 941/1486/317
f 890/1455/317 400/1454/376 883/1487/377 1269/1485/317
f 1269/1485/317 883/1487/377 408/1488/378 905/1489/317
f 941/1486/317 1269/1485/317 905/1489/317 425/1490/317
f 911/1460/100 910/1457/100 413/1425/100 414/1424/100
f 1553/1419/151 1552/1418/151 1234/1491/109 1227/1492/109
f 418/1288/357 930/1493/379 931/1494/380 419/1282/356
f 1237/1315/151 1553/1419/151 1227/1492/109 803/1319/109
f 419/1282/356 931/1494/380 829/1495/381 420/1283/354
f 837/1458/358 910/1457/100 1374/288/100 1370/1496/358
f 402/1466/91 900/1465/91 1271/1497/91 907/1498/91
f 900/1465/91 401/1464/358 906/1499/358 1271/1497/91
f 1271/1497/91 906/1499/358 409/1338/358 915/1336/91
f 907/1498/91 1271/1497/91 915/1336/91 410/1196/91
f 404/1469/317 909/1500/317 1272/1501/317 901/1470/317
f 909/1500/317 412/1328/317 916/1331/317 1272/1501/317
f 1272/1501/317 916/1331/317 415/1293/317 897/1502/317
f 901/1470/317 1272/1501/317 897/1502/317 407/1471/317
f 403/1475/317 908/1503/317 1273/1504/317 902/1476/317
f 908/1503/317 411/1304/317 917/1306/317 1273/1504/317
f 1273/1504/317 917/1306/317 414/1312/100 896/1505/100
f 902/1476/317 1273/1504/317 896/1505/100 406/1477/100
f 407/1471/317 897/1502/317 1274/1506/317 903/1480/317
f 897/1502/317 415/1293/317 918/1296/317 1274/1506/317
f 1274/1506/317 918/1296/317 411/1304/317 908/1503/317
f 903/1480/317 1274/1506/317 908/1503/317 403/1475/317
f 1569/1483/194 1568/1482/194 1548/1193/193 1549/1192/193
f 904/469/91 402/1466/91 907/1498/91 1275/587/91
f 1275/587/91 907/1498/91 410/1196/91 919/588/91
f 628/633/183 1143/657/194 1568/1482/194 520/1481/183
f 425/1490/317 905/1489/317 1276/1507/317 940/1508/317
f 905/1489/317 408/1488/378 898/1509/382 1276/1507/317
f 1276/1507/317 898/1509/382 416/1156/318 920/1153/317
f 940/1508/317 1276/1507/317 920/1153/317 426/1152/317
f 1137/635/181 1558/634/182 1559/1510/182 263/1511/181
f 1306/829/141 827/1512/96 1278/369/96 1455/368/141
f 1454/371/141 949/370/96 655/738/96 1164/737/141
f 827/1280/96 1233/373/97 189/372/97 1278/625/96
f 372/1513/347 921/1514/181 1279/1515/182 847/1516/372
f 1522/1517/244 663/868/244 1167/866/273 1506/1518/273
f 847/1516/372 1279/1515/182 922/1519/183 389/1520/368
f 416/1521/318 923/1234/185 1280/1260/184 913/1522/319
f 1507/1523/273 1499/1524/383 982/1525/272 1309/1526/273
f 1515/1527/301 1485/1528/300 1065/1529/300 1345/1530/301
f 1377/1531/320 1394/1181/187 924/1184/186 377/1532/321
f 400/1533/376 925/1243/189 1281/1244/188 883/1534/377
f 1452/1535/278 1169/876/278 690/875/277 1496/1536/277
f 883/1534/377 1281/1244/188 926/1219/190 408/1537/378
f 408/1537/378 926/1219/190 1282/1220/191 898/1538/382
f 1492/1318/274 689/871/274 1169/876/278 1452/1535/278
f 898/1538/382 1282/1220/191 923/1234/185 416/1521/318
f 384/1539/370 927/1278/193 1283/1279/192 853/1540/375
f 1494/1541/384 1451/624/180 1344/1542/180 1064/1543/384
f 853/1540/375 1283/1279/192 925/1243/189 400/1533/376
f 389/1520/368 922/1519/183 1284/1544/194 865/1545/369
f 1498/1546/272 688/865/272 1168/872/275 1468/1317/275
f 865/1545/369 1284/1544/194 927/1278/193 384/1539/370
f 939/774/196 421/1547/323 845/1548/322 1285/1549/195
f 1285/1549/195 845/1548/322 377/1550/321 924/1551/186
f 1476/1552/305 773/1099/305 1206/1111/309 1438/1553/309
f 836/771/158 373/1325/364 933/1554/385 1286/772/201
f 1286/772/201 933/1554/385 421/1547/323 939/774/196
f 1431/1555/314 1350/1556/314 1080/1557/313 1473/1558/313
f 404/1469/317 937/1559/317 1287/1560/317 909/1500/317
f 937/1559/317 425/1490/317 940/1508/317 1287/1560/317
f 1287/1560/317 940/1508/317 426/1152/317 938/1561/317
f 909/1500/317 1287/1560/317 938/1561/317 412/1328/317
f 397/1438/317 936/1562/317 1288/1563/317 894/1467/317
f 936/1562/317 424/1456/317 941/1486/317 1288/1563/317
f 1288/1563/317 941/1486/317 425/1490/317 937/1559/317
f 894/1467/317 1288/1563/317 937/1559/317 404/1469/317
f 383/1355/317 934/1564/317 1289/1565/317 880/1436/317
f 934/1564/317 422/1388/317 942/1452/317 1289/1565/317
f 1289/1565/317 942/1452/317 424/1456/317 936/1562/317
f 880/1436/317 1289/1565/317 936/1562/317 397/1438/317
f 350/1409/334 930/1566/379 1290/1567/317 868/1410/317
f 930/1566/379 418/1389/357 943/1392/317 1290/1567/317
f 1290/1567/317 943/1392/317 423/1380/317 935/1568/317
f 868/1410/317 1290/1567/317 935/1568/317 392/1351/317
f 392/1351/317 935/1568/317 1291/1569/317 852/1352/317
f 935/1568/317 423/1380/317 944/1383/317 1291/1569/317
f 1291/1569/317 944/1383/317 422/1388/317 934/1564/317
f 852/1352/317 1291/1569/317 934/1564/317 383/1355/317
f 1541/615/91 1270/274/91 503/277/91 1380/290/91
f 931/1494/380 930/1493/379 350/1207/334 358/1187/332
f 1559/1510/182 1558/634/182 520/1481/183 521/1484/183
f 1279/1515/182 1559/1510/182 521/1484/183 922/1519/183
f 436/826/262 435/1570/386 959/1571/387 967/827/263
f 829/1495/381 931/1494/380 358/1187/332 357/1186/331
f 1226/343/93 1223/1572/93 1227/1573/109 1234/1398/109
f 1388/1199/91 797/1202/91 1292/1259/91 1540/1258/91
f 1293/348/136 946/347/135 417/1269/135 929/1574/136
f 798/691/89 1293/348/136 929/1574/136 354/1185/89
f 354/1185/89 929/1574/136 1294/1575/136 801/1261/89
f 929/1574/136 417/1269/135 947/1272/135 1294/1575/136
f 1294/1575/136 947/1272/135 420/1277/354 829/1576/381
f 801/1261/89 1294/1575/136 829/1576/381 357/1263/331
f 412/1328/317 938/1561/317 1295/1577/317 846/1329/317
f 938/1561/317 426/1152/317 948/1155/317 1295/1577/317
f 1395/1578/317 1378/1162/317 421/1163/323 933/1579/385
f 1373/1332/317 1395/1578/317 933/1579/385 373/1333/364
f 500/1580/317 1088/1581/317 1296/1582/317 1063/1583/317
f 1413/1584/317 495/1585/388 993/1586/389 1422/1587/317
f 1422/1587/317 993/1586/389 451/1588/390 1412/1589/391
f 1063/1583/317 1296/1582/317 1057/1590/392 490/1591/393
f 441/1592/215 965/1593/394 1297/1594/395 974/1595/216
f 965/1593/394 431/1596/396 960/1597/397 1297/1594/395
f 1297/1594/395 960/1597/397 438/1598/398 969/1599/399
f 974/1595/216 1297/1594/395 969/1599/399 445/1600/400
f 442/1601/224 951/1602/225 1298/1603/225 972/1604/224
f 951/1602/225 432/1605/227 953/1144/227 1298/1603/225
f 967/827/263 959/1571/387 446/1606/401 443/1607/402
f 1423/1072/91 952/1608/91 427/1609/91 1406/1610/91
f 1062/1047/91 1299/1073/91 987/1611/91 484/1612/91
f 429/1613/403 437/1614/404 986/1615/405 988/1616/406
f 963/828/264 967/827/263 443/1607/402 439/1617/407
f 433/1618/235 961/798/229 957/1619/244 430/1620/234
f 988/1616/406 986/1615/405 459/1621/408 460/1622/409
f 962/799/230 961/798/229 433/1618/235 434/1623/410
f 444/665/198 445/1624/400 969/1625/399 955/666/199
f 427/1609/91 952/1608/91 1300/1626/91 958/1627/91
f 958/1627/91 1300/1626/91 962/1628/230 434/1629/410
f 1522/1630/244 1508/1631/229 667/730/229 663/780/244
f 439/1617/407 443/1607/402 968/1632/411 964/1633/412
f 950/667/200 955/666/199 437/1614/404 429/1613/403
f 492/1634/413 976/1635/414 977/1636/415 493/1637/416
f 964/1633/412 968/1632/411 444/665/198 440/664/197
f 443/1607/402 446/1606/401 970/1638/417 968/1632/411
f 955/666/199 969/1625/399 438/1639/398 437/1614/404
f 493/1637/416 977/1636/415 1073/1640/418 494/1641/419
f 968/1632/411 970/1638/417 445/1624/400 444/665/198
f 431/1596/396 965/1593/394 1301/1642/257 954/961/256
f 965/1593/394 441/1592/215 971/1643/215 1301/1642/257
f 441/1592/215 966/1644/226 1302/1645/226 971/1643/215
f 966/1644/226 442/1601/224 972/1604/224 1302/1645/226
f 432/1605/227 951/1602/225 1303/1646/225 956/1647/227
f 951/1602/225 442/1601/224 973/1648/224 1303/1646/225
f 1303/1646/225 973/1648/224 446/1649/401 959/1650/387
f 956/1647/227 1303/1646/225 959/1650/387 435/1651/386
f 442/1601/224 966/1644/226 1304/1652/226 973/1648/224
f 966/1644/226 441/1592/215 974/1595/216 1304/1652/226
f 1304/1652/226 974/1595/216 445/1600/400 970/1653/417
f 973/1648/224 1304/1652/226 970/1653/417 446/1649/401
f 491/1654/259 1087/1655/259 1305/1656/141 975/1657/141
f 1087/1655/259 494/1658/419 1073/1659/418 1305/1656/141
f 1305/1656/141 1073/1659/418 370/1660/353 830/1661/96
f 975/1657/141 1305/1656/141 830/1661/96 371/1662/96
f 1086/807/259 491/1654/259 975/1657/141 1306/829/141
f 1306/829/141 975/1657/141 371/1662/96 827/1512/96
f 1073/1640/418 977/1636/415 369/1663/350 370/1664/353
f 459/1621/408 986/1615/405 1011/1665/420 462/1666/421
f 977/1636/415 976/1635/414 372/1667/347 369/1663/350
f 454/1668/100 452/1669/100 991/1670/100 997/1671/100
f 1011/1665/420 986/1615/405 437/1614/404 438/1639/398
f 470/1672/100 991/1670/100 1022/1673/358 467/1674/358
f 489/1675/317 1061/1676/317 1307/1677/317 1056/1678/317
f 1061/1676/317 485/1679/317 990/1680/317 1307/1677/317
f 1424/1681/317 1407/1682/317 449/1683/422 980/1684/423
f 1411/1685/317 1424/1681/317 980/1684/423 448/1686/424
f 485/1679/317 1060/1687/317 1308/1688/317 990/1680/317
f 1060/1687/317 488/1689/100 1055/1690/100 1308/1688/317
f 1425/1691/317 1410/1692/100 430/1693/234 981/1694/425
f 1407/1682/317 1425/1691/317 981/1694/425 449/1683/422
f 449/1695/422 981/1696/425 1309/1526/273 982/1525/272
f 981/1696/425 430/1697/234 957/1698/244 1309/1526/273
f 1515/1527/301 1345/1530/301 1428/1699/304 1526/1700/304
f 448/1701/424 980/1702/423 1310/1703/275 983/1704/274
f 980/1702/423 449/1695/422 982/1525/272 1310/1703/275
f 447/1705/426 979/1706/427 1311/1707/278 984/1117/312
f 979/1706/427 448/1701/424 983/1704/274 1311/1707/278
f 1448/1708/306 1204/1100/306 773/1099/305 1476/1552/305
f 486/1709/317 1059/1710/317 1312/1711/317 994/1712/317
f 1059/1710/317 489/1675/317 1056/1678/317 1312/1711/317
f 1426/1713/317 1411/1685/317 448/1686/424 979/1714/427
f 1408/1715/317 1426/1713/317 979/1714/427 447/1716/426
f 484/1612/91 987/1611/91 1313/1717/91 1058/1718/91
f 1406/1610/91 427/1609/91 958/1627/91 1427/1719/91
f 1427/1719/91 958/1627/91 434/1629/410 1405/1720/358
f 1058/1718/91 1313/1717/91 985/1721/358 483/1722/358
f 464/1723/428 996/1724/91 1314/1725/91 1021/1726/429
f 996/1724/91 453/1727/91 1002/1728/91 1314/1725/91
f 1314/1725/91 1002/1728/91 450/1729/358 992/1730/358
f 1021/1726/429 1314/1725/91 992/1730/358 462/1731/421
f 466/1732/317 1020/1733/317 1315/1734/317 1000/1735/317
f 1020/1733/317 461/1736/317 1010/1737/317 1315/1734/317
f 1315/1734/317 1010/1737/317 455/1738/317 1003/1739/317
f 1000/1735/317 1315/1734/317 1003/1739/317 457/1740/317
f 465/1741/317 1019/1742/317 1316/1743/317 999/1744/317
f 1019/1742/317 460/1745/409 1009/1746/100 1316/1743/317
f 1316/1743/317 1009/1746/100 454/1747/100 1004/1748/317
f 999/1744/317 1316/1743/317 1004/1748/317 456/1749/317
f 461/1736/317 1018/1750/317 1317/1751/317 1010/1737/317
f 1018/1750/317 465/1741/317 999/1744/317 1317/1751/317
f 1317/1751/317 999/1744/317 456/1749/317 1005/1752/317
f 1010/1737/317 1317/1751/317 1005/1752/317 455/1738/317
f 1022/1673/358 991/1670/100 452/1669/100 450/1753/358
f 452/1669/100 1008/1754/100 992/1755/358 450/1753/358
f 460/1622/409 459/1621/408 1008/1754/100 1009/1756/100
f 997/1671/100 991/1670/100 470/1672/100 472/1757/100
f 1318/935/91 1006/1012/91 453/1727/91 996/1724/91
f 1017/936/282 1318/935/91 996/1724/91 464/1723/428
f 497/1758/317 1085/1759/317 1319/1760/317 1016/1761/317
f 1085/1759/317 496/1762/317 1007/1763/317 1319/1760/317
f 1319/1760/317 1007/1763/317 458/1764/430 1012/1765/431
f 1016/1761/317 1319/1760/317 1012/1765/431 463/1766/432
f 492/1767/413 1084/1768/317 1320/1769/433 976/1770/414
f 1084/1768/317 497/1758/317 1016/1761/317 1320/1769/433
f 1320/1769/433 1016/1761/317 463/1766/432 995/1771/434
f 976/1770/414 1320/1769/433 995/1771/434 372/1772/347
f 1321/960/289 1017/936/282 464/1723/428 1013/1773/435
f 954/961/256 1321/960/289 1013/1773/435 431/1596/396
f 439/1774/407 964/1775/412 1322/1776/317 989/1777/317
f 964/1775/412 440/1778/197 1014/1779/317 1322/1776/317
f 1322/1776/317 1014/1779/317 465/1741/317 1018/1750/317
f 989/1777/317 1322/1776/317 1018/1750/317 461/1736/317
f 440/1778/197 950/1780/200 1323/1781/317 1014/1779/317
f 950/1780/200 429/1782/403 988/1783/406 1323/1781/317
f 1323/1781/317 988/1783/406 460/1745/409 1019/1742/317
f 1014/1779/317 1323/1781/317 1019/1742/317 465/1741/317
f 428/1784/261 963/1785/264 1324/1786/317 1015/1787/317
f 963/1785/264 439/1774/407 989/1777/317 1324/1786/317
f 1324/1786/317 989/1777/317 461/1736/317 1020/1733/317
f 1015/1787/317 1324/1786/317 1020/1733/317 466/1732/317
f 431/1596/396 1013/1773/435 1325/1788/436 960/1597/397
f 1013/1773/435 464/1723/428 1021/1726/429 1325/1788/436
f 1325/1788/436 1021/1726/429 462/1731/421 1011/1789/420
f 960/1597/397 1325/1788/436 1011/1789/420 438/1598/398
f 992/1755/358 1008/1754/100 459/1621/408 462/1666/421
f 479/1790/100 1025/1791/100 1036/1792/358 475/1793/358
f 472/1757/100 470/1672/100 1025/1791/100 1027/1794/100
f 1009/1756/100 1008/1754/100 452/1669/100 454/1668/100
f 480/1795/100 479/1790/100 1040/1796/100 1041/1797/100
f 1027/1794/100 1025/1791/100 479/1790/100 480/1795/100
f 1036/1792/358 1025/1791/100 470/1672/100 467/1674/358
f 487/1798/100 1040/1796/100 1050/1799/358 483/1800/358
f 453/1727/91 1023/1801/91 1326/1802/91 1002/1728/91
f 1023/1801/91 468/1803/91 1030/1804/91 1326/1802/91
f 1326/1802/91 1030/1804/91 467/1805/358 1022/1806/358
f 1002/1728/91 1326/1802/91 1022/1806/358 450/1729/358
f 457/1740/317 1003/1739/317 1327/1807/317 1026/1808/317
f 1003/1739/317 455/1738/317 998/1809/317 1327/1807/317
f 1327/1807/317 998/1809/317 473/1810/317 1031/1811/317
f 1026/1808/317 1327/1807/317 1031/1811/317 471/1812/317
f 456/1749/317 1004/1748/317 1328/1813/317 1024/1814/317
f 1004/1748/317 454/1747/100 997/1815/100 1328/1813/317
f 1328/1813/317 997/1815/100 472/1816/100 1032/1817/317
f 1024/1814/317 1328/1813/317 1032/1817/317 469/1818/317
f 455/1738/317 1005/1752/317 1329/1819/317 998/1809/317
f 1005/1752/317 456/1749/317 1024/1814/317 1329/1819/317
f 1329/1819/317 1024/1814/317 469/1818/317 1033/1820/317
f 998/1809/317 1329/1819/317 1033/1820/317 473/1810/317
f 1330/955/91 1034/954/91 468/1803/91 1023/1801/91
f 1006/1012/91 1330/955/91 1023/1801/91 453/1727/91
f 496/1762/317 1083/1821/317 1331/1822/317 1007/1763/317
f 1083/1821/317 498/1823/317 1035/1824/317 1331/1822/317
f 1331/1822/317 1035/1824/317 474/1825/437 1001/1826/438
f 1007/1763/317 1331/1822/317 1001/1826/438 458/1764/430
f 1050/1799/358 1040/1796/100 479/1790/100 475/1793/358
f 1409/751/100 1054/1827/100 985/1828/358 1405/1829/358
f 488/1830/100 487/1798/100 1054/1827/100 1055/1831/100
f 1041/1797/100 1040/1796/100 487/1798/100 488/1830/100
f 468/1803/91 1037/1832/91 1332/1833/91 1030/1804/91
f 1037/1832/91 476/1834/91 1044/1835/91 1332/1833/91
f 1332/1833/91 1044/1835/91 475/1836/358 1036/1837/358
f 1030/1804/91 1332/1833/91 1036/1837/358 467/1805/358
f 471/1812/317 1031/1811/317 1333/1838/317 1039/1839/317
f 1031/1811/317 473/1810/317 1028/1840/317 1333/1838/317
f 1333/1838/317 1028/1840/317 481/1841/317 1045/1842/317
f 1039/1839/317 1333/1838/317 1045/1842/317 478/1843/317
f 469/1818/317 1032/1817/317 1334/1844/317 1038/1845/317
f 1032/1817/317 472/1816/100 1027/1846/100 1334/1844/317
f 1334/1844/317 1027/1846/100 480/1847/100 1046/1848/317
f 1038/1845/317 1334/1844/317 1046/1848/317 477/1849/317
f 473/1810/317 1033/1820/317 1335/1850/317 1028/1840/317
f 1033/1820/317 469/1818/317 1038/1845/317 1335/1850/317
f 1335/1850/317 1038/1845/317 477/1849/317 1047/1851/317
f 1028/1840/317 1335/1850/317 1047/1851/317 481/1841/317
f 1336/929/91 1048/928/91 476/1834/91 1037/1832/91
f 1034/954/91 1336/929/91 1037/1832/91 468/1803/91
f 498/1823/317 1082/1852/317 1337/1853/317 1035/1824/317
f 1082/1852/317 499/1854/317 1049/1855/317 1337/1853/317
f 1337/1853/317 1049/1855/317 482/1856/439 1029/1857/440
f 1035/1824/317 1337/1853/317 1029/1857/440 474/1825/437
f 428/825/261 1071/1858/441 1072/1859/442 436/826/262
f 1055/1831/100 1054/1827/100 1409/751/100 1410/750/100
f 985/1828/358 1054/1827/100 487/1798/100 483/1800/358
f 436/826/262 1072/1859/442 978/1860/443 435/1570/386
f 476/1834/91 1051/1861/91 1338/1862/91 1044/1835/91
f 1051/1861/91 484/1612/91 1058/1718/91 1338/1862/91
f 1338/1862/91 1058/1718/91 483/1722/358 1050/1863/358
f 1044/1835/91 1338/1862/91 1050/1863/358 475/1836/358
f 478/1843/317 1045/1842/317 1339/1864/317 1053/1865/317
f 1045/1842/317 481/1841/317 1042/1866/317 1339/1864/317
f 1339/1864/317 1042/1866/317 489/1675/317 1059/1710/317
f 1053/1865/317 1339/1864/317 1059/1710/317 486/1709/317
f 477/1849/317 1046/1848/317 1340/1867/317 1052/1868/317
f 1046/1848/317 480/1847/100 1041/1869/100 1340/1867/317
f 1340/1867/317 1041/1869/100 488/1689/100 1060/1687/317
f 1052/1868/317 1340/1867/317 1060/1687/317 485/1679/317
f 481/1841/317 1047/1851/317 1341/1870/317 1042/1866/317
f 1047/1851/317 477/1849/317 1052/1868/317 1341/1870/317
f 1341/1870/317 1052/1868/317 485/1679/317 1061/1676/317
f 1042/1866/317 1341/1870/317 1061/1676/317 489/1675/317
f 1342/1048/91 1062/1047/91 484/1612/91 1051/1861/91
f 1048/928/91 1342/1048/91 1051/1861/91 476/1834/91
f 499/1854/317 1081/1871/317 1343/1872/317 1049/1855/317
f 1081/1871/317 500/1580/317 1063/1583/317 1343/1872/317
f 1343/1872/317 1063/1583/317 490/1591/393 1043/1873/444
f 1049/1855/317 1343/1872/317 1043/1873/444 482/1856/439
f 372/1874/347 995/1875/434 1344/1542/180 921/1876/181
f 995/1875/434 463/1877/432 1064/1543/384 1344/1542/180
f 490/1878/393 1057/1879/392 1345/1530/301 1065/1529/300
f 1412/1880/391 451/1881/390 1066/1882/303 1428/1699/304
f 474/1883/437 1029/1884/440 1346/1885/306 1067/1886/305
f 1029/1884/440 482/1887/439 1068/1107/307 1346/1885/306
f 1471/1888/307 774/1102/307 1204/1100/306 1448/1708/306
f 482/1887/439 1043/1889/444 1347/1108/302 1068/1107/307
f 1043/1889/444 490/1878/393 1065/1529/300 1347/1108/302
f 1519/1890/310 1494/1541/384 1064/1543/384 1349/1891/310
f 458/1892/430 1001/1893/438 1348/1894/309 1069/1895/308
f 1001/1893/438 474/1883/437 1067/1886/305 1348/1894/309
f 1474/1896/308 775/1110/308 1207/1113/310 1518/1897/310
f 463/1877/432 1012/1898/431 1349/1891/310 1064/1543/384
f 1012/1898/431 458/1892/430 1069/1895/308 1349/1891/310
f 1438/1553/309 1206/1111/309 775/1110/308 1474/1896/308
f 1350/1556/314 1066/1899/303 451/1900/390 993/1901/389
f 1080/1557/313 1350/1556/314 993/1901/389 495/1902/388
f 1351/1116/311 1080/1557/313 495/1902/388 1074/1903/445
f 984/1117/312 1351/1116/311 1074/1903/445 447/1705/426
f 478/1843/317 1053/1865/317 1352/1904/317 1078/1905/317
f 1053/1865/317 486/1709/317 1079/1906/317 1352/1904/317
f 1352/1904/317 1079/1906/317 500/1580/317 1081/1871/317
f 1078/1905/317 1352/1904/317 1081/1871/317 499/1854/317
f 471/1812/317 1039/1839/317 1353/1907/317 1077/1908/317
f 1039/1839/317 478/1843/317 1078/1905/317 1353/1907/317
f 1353/1907/317 1078/1905/317 499/1854/317 1082/1852/317
f 1077/1908/317 1353/1907/317 1082/1852/317 498/1823/317
f 457/1740/317 1026/1808/317 1354/1909/317 1075/1910/317
f 1026/1808/317 471/1812/317 1077/1908/317 1354/1909/317
f 1354/1909/317 1077/1908/317 498/1823/317 1083/1821/317
f 1075/1910/317 1354/1909/317 1083/1821/317 496/1762/317
f 428/1784/261 1015/1787/317 1355/1911/317 1071/1912/441
f 1015/1787/317 466/1732/317 1076/1913/317 1355/1911/317
f 1355/1911/317 1076/1913/317 497/1758/317 1084/1768/317
f 1071/1912/441 1355/1911/317 1084/1768/317 492/1767/413
f 466/1732/317 1000/1735/317 1356/1914/317 1076/1913/317
f 1000/1735/317 457/1740/317 1075/1910/317 1356/1914/317
f 1356/1914/317 1075/1910/317 496/1762/317 1085/1759/317
f 1076/1913/317 1356/1914/317 1085/1759/317 497/1758/317
f 1072/1859/442 1071/1858/441 492/1634/413 493/1637/416
f 1524/1915/91 952/1608/91 1423/1072/91 1521/1071/91
f 978/1860/443 1072/1859/442 493/1637/416 494/1641/419
f 356/1916/333 1370/1496/358 1374/288/100 355/287/99
f 953/1144/227 432/1605/227 1070/1917/258 1357/806/258
f 1357/806/258 1070/1917/258 491/1654/259 1086/807/259
f 432/1605/227 956/1647/227 1358/1918/258 1070/1917/258
f 956/1647/227 435/1651/386 978/1919/443 1358/1918/258
f 1358/1918/258 978/1919/443 494/1658/419 1087/1655/259
f 1070/1917/258 1358/1918/258 1087/1655/259 491/1654/259
f 486/1709/317 994/1712/317 1359/1920/317 1079/1906/317
f 1408/1715/317 447/1716/426 1074/1921/445 1429/1922/317
f 1429/1922/317 1074/1921/445 495/1585/388 1413/1584/317
f 1079/1906/317 1359/1920/317 1088/1581/317 500/1580/317
f 846/1329/317 1295/1577/317 1395/1578/317 1373/1332/317
f 1295/1577/317 948/1155/317 1378/1162/317 1395/1578/317
f 913/1522/319 1280/1260/184 1394/1181/187 1377/1531/320
f 434/1923/410 433/752/235 1409/751/100 1405/1829/358
f 1223/1572/93 809/1189/93 803/1221/109 1227/1573/109
f 835/1322/154 198/1203/154 1555/1206/153 1238/1323/153
f 839/1197/91 1241/1337/91 1392/1340/91 1371/1200/91
f 1241/1337/91 837/1339/358 1370/1341/358 1392/1340/91
f 1240/1330/317 1391/1335/317 1376/1297/317 912/1294/317
f 846/1329/317 1373/1332/317 1391/1335/317 1240/1330/317
f 1236/1305/317 1390/1308/317 1375/1310/100 911/1311/100
f 842/1303/317 1372/1302/317 1390/1308/317 1236/1305/317
f 1235/1295/317 1389/1300/317 1372/1302/317 842/1303/317
f 912/1294/317 1376/1297/317 1389/1300/317 1235/1295/317
f 556/589/91 919/588/91 1221/1198/91 242/1396/91
f 1221/1198/91 839/1197/91 1371/1200/91 1388/1199/91
f 948/1155/317 1218/1154/317 1387/1158/317 1378/1162/317
f 1218/1154/317 913/1157/319 1377/1159/320 1387/1158/317
f 1153/695/71 1386/697/71 1369/247/71 654/244/71
f 552/422/71 1363/425/71 1386/697/71 1153/695/71
f 620/637/76 1368/640/75 1385/643/187 1139/638/184
f 194/604/138 511/1924/137 522/302/106 195/601/177
f 1106/427/91 1384/429/91 1360/430/146 542/431/146
f 544/295/91 1361/292/91 1384/429/91 1106/427/91
f 552/422/71 1105/421/71 1383/423/71 1363/425/71
f 1105/421/71 619/388/71 1367/395/71 1383/423/71
f 548/390/71 1101/398/71 1382/401/71 1362/392/71
f 1101/398/71 617/400/145 1365/402/145 1382/401/71
f 619/388/71 1100/387/71 1381/391/71 1367/395/71
f 1100/387/71 548/390/71 1362/392/71 1381/391/71
f 1092/294/91 1380/290/91 1361/292/91 544/295/91
f 1284/1544/194 1569/1483/194 1549/1192/193 927/1278/193
f 1089/245/71 1379/250/71 1368/252/75 620/253/76
f 654/244/71 1369/247/71 1379/250/71 1089/245/71
f 1359/1920/317 1429/1922/317 1413/1584/317 1088/1581/317
f 994/1712/317 1408/1715/317 1429/1922/317 1359/1920/317
f 1057/1879/392 1412/1880/391 1428/1699/304 1345/1530/301
f 1313/1717/91 1427/1719/91 1405/1720/358 985/1721/358
f 987/1611/91 1406/1610/91 1427/1719/91 1313/1717/91
f 994/1712/317 1312/1711/317 1426/1713/317 1408/1715/317
f 1312/1711/317 1056/1678/317 1411/1685/317 1426/1713/317
f 990/1680/317 1308/1688/317 1425/1691/317 1407/1682/317
f 1308/1688/317 1055/1690/100 1410/1692/100 1425/1691/317
f 1056/1678/317 1307/1677/317 1424/1681/317 1411/1685/317
f 1307/1677/317 990/1680/317 1407/1682/317 1424/1681/317
f 1299/1073/91 1423/1072/91 1406/1610/91 987/1611/91
f 1487/1074/91 1299/1073/91 1062/1047/91 1457/1046/91
f 1296/1582/317 1422/1587/317 1412/1589/391 1057/1590/392
f 1088/1581/317 1413/1584/317 1422/1587/317 1296/1582/317
f 700/879/71 1217/1149/71 1421/1150/71 1399/882/71
f 1217/1149/71 794/701/71 1404/708/71 1421/1150/71
f 763/1088/210 1203/1087/301 1420/1094/304 1403/1096/211
f 1466/1925/303 1066/1899/303 1350/1556/314 1431/1555/314
f 693/743/91 1171/887/91 1419/890/91 1397/746/91
f 1171/887/91 691/889/146 1396/891/146 1419/890/91
f 1170/880/71 1418/885/71 1402/848/71 762/845/71
f 700/879/71 1399/882/71 1418/885/71 1170/880/71
f 1166/856/71 1417/859/71 1401/861/145 761/862/145
f 696/854/71 1398/853/71 1417/859/71 1166/856/71
f 1165/846/71 1416/851/71 1398/853/71 696/854/71
f 762/845/71 1402/848/71 1416/851/71 1165/846/71
f 1157/744/91 693/743/91 1397/746/91 1415/745/91
f 794/701/71 1154/700/71 1414/704/71 1404/708/71
f 1154/700/71 763/703/210 1403/705/211 1414/704/71
f 287/786/250 291/683/203 673/686/206 669/753/236
f 184/598/169 195/601/177 522/302/106 516/301/105
f 522/302/106 511/1924/137 209/313/115 206/303/107
f 1571/1245/195 1285/1549/195 924/1551/186 1542/1450/186
f 1562/1239/188 1140/646/188 632/649/190 1547/1214/190
f 521/1484/183 1569/1483/194 1284/1544/194 922/1519/183
f 1568/1482/194 1143/657/194 633/655/193 1548/1193/193
f 1548/1193/193 633/655/193 1142/654/192 1566/1194/192
f 1575/1182/187 1394/1181/187 1280/1260/184 1561/1180/184
f 1547/1214/190 632/649/190 1141/651/191 1564/1215/191
f 1564/1215/191 1141/651/191 629/639/185 1393/1178/185
f 1544/1238/189 631/647/189 1140/646/188 1562/1239/188
f 1551/775/196 939/774/196 1285/1549/195 1571/1245/195
f 1566/1194/192 1142/654/192 631/647/189 1544/1238/189
f 1556/1377/157 1104/417/157 540/414/154 1225/1204/154
f 820/1420/152 1553/1419/151 1237/1315/151 834/1314/152
f 1554/1205/153 1103/413/153 539/408/152 858/1417/152
f 515/1255/158 541/418/158 1104/417/157 1556/1377/157
f 1552/1418/151 1102/407/151 509/410/109 1234/1491/109
f 1558/634/182 1138/630/182 628/633/183 520/1481/183
f 1225/1204/154 540/414/154 1103/413/153 1554/1205/153
f 1503/809/215 677/803/215 1159/796/257 1480/801/257
f 971/1643/215 1502/1926/215 1481/1927/257 1301/1642/257
f 1502/1926/215 1503/809/215 1480/801/257 1481/1927/257
f 772/1124/303 1467/1928/303 1430/1929/314 1208/1122/314
f 1467/1928/303 1466/1925/303 1431/1555/314 1430/1929/314
f 1157/744/91 1486/1930/91 1456/1931/91 768/741/91
f 1486/1930/91 1487/1074/91 1457/1046/91 1456/1931/91
f 658/748/91 1525/762/91 1520/1932/91 1415/745/91
f 1525/762/91 1524/1915/91 1521/1071/91 1520/1932/91
f 1348/1894/309 1439/1933/309 1475/1934/308 1069/1895/308
f 1439/1933/309 1438/1553/309 1474/1896/308 1475/1934/308
f 1069/1895/308 1475/1934/308 1519/1890/310 1349/1891/310
f 1475/1934/308 1474/1896/308 1518/1897/310 1519/1890/310
f 1207/1113/310 770/1083/299 1495/1935/299 1518/1897/310
f 1518/1897/310 1495/1935/299 1494/1541/384 1519/1890/310
f 1068/1107/307 1470/1106/307 1449/1936/306 1346/1885/306
f 1470/1106/307 1471/1888/307 1448/1708/306 1449/1936/306
f 1346/1885/306 1449/1936/306 1477/1937/305 1067/1886/305
f 1449/1936/306 1448/1708/306 1476/1552/305 1477/1937/305
f 1203/1087/301 1514/1938/301 1527/1095/304 1420/1094/304
f 1514/1938/301 1515/1527/301 1526/1700/304 1527/1095/304
f 957/1619/244 961/798/229 1509/797/229 1523/1939/244
f 1523/1939/244 1509/797/229 1508/1631/229 1522/1630/244
f 1208/1122/314 1430/1929/314 1472/1127/313 786/1119/313
f 1430/1929/314 1431/1555/314 1473/1558/313 1472/1127/313
f 1067/1886/305 1477/1937/305 1439/1933/309 1348/1894/309
f 1477/1937/305 1476/1552/305 1438/1553/309 1439/1933/309
f 982/1525/272 1499/1524/383 1469/1940/275 1310/1703/275
f 1499/1524/383 1498/1546/272 1468/1317/275 1469/1940/275
f 770/1083/299 1202/1081/180 1450/621/180 1495/1935/299
f 1495/1935/299 1450/621/180 1451/624/180 1494/1541/384
f 983/1704/274 1493/1941/274 1453/1942/278 1311/1707/278
f 1493/1941/274 1492/1318/274 1452/1535/278 1453/1942/278
f 1311/1707/278 1453/1942/278 1497/1118/277 984/1117/312
f 1453/1942/278 1452/1535/278 1496/1536/277 1497/1118/277
f 1203/1087/301 771/1086/300 1484/1089/300 1514/1938/301
f 1514/1938/301 1484/1089/300 1485/1528/300 1515/1527/301
f 1167/866/273 688/865/272 1498/1546/272 1506/1518/273
f 1506/1518/273 1498/1546/272 1499/1524/383 1507/1523/273
f 957/1698/244 1523/1943/244 1507/1523/273 1309/1526/273
f 1523/1943/244 1522/1517/244 1506/1518/273 1507/1523/273
f 1310/1703/275 1469/1940/275 1493/1941/274 983/1704/274
f 1469/1940/275 1468/1317/275 1492/1318/274 1493/1941/274
f 659/727/227 1513/768/227 1434/1944/258 1215/1145/258
f 1513/768/227 1512/1143/227 1435/805/258 1434/1944/258
f 723/931/282 1462/1945/282 1444/1946/289 1179/958/289
f 1462/1945/282 1463/937/282 1445/959/289 1444/1946/289
f 1351/1116/311 1433/1115/311 1473/1558/313 1080/1557/313
f 1433/1115/311 1432/1125/311 1472/1127/313 1473/1558/313
f 1209/1126/315 1432/1125/311 1496/1536/277 690/875/277
f 1432/1125/311 1433/1115/311 1497/1118/277 1496/1536/277
f 1205/1090/302 774/1102/307 1471/1888/307 1516/1091/302
f 1516/1091/302 1471/1888/307 1470/1106/307 1517/1105/302
f 1066/1882/303 1466/1947/303 1526/1700/304 1428/1699/304
f 1466/1947/303 1467/1092/303 1527/1095/304 1526/1700/304
f 1065/1529/300 1485/1528/300 1517/1105/302 1347/1108/302
f 1485/1528/300 1484/1089/300 1516/1091/302 1517/1105/302
f 1200/1075/91 1436/1948/91 1458/1949/91 754/1051/91
f 1436/1948/91 1437/1049/91 1459/927/91 1458/1949/91
f 1415/745/91 1520/1932/91 1486/1930/91 1157/744/91
f 1520/1932/91 1521/1071/91 1487/1074/91 1486/1930/91
f 1194/1050/91 1440/1950/91 1460/1951/91 740/1014/91
f 1440/1950/91 1441/930/91 1461/953/91 1460/1951/91
f 768/741/91 1456/1931/91 1436/1948/91 1200/1075/91
f 1456/1931/91 1457/1046/91 1437/1049/91 1436/1948/91
f 1188/1013/91 1442/1952/91 1464/1953/91 712/933/91
f 1442/1952/91 1443/956/91 1465/1011/91 1464/1953/91
f 712/933/91 1464/1953/91 1446/1954/91 1176/932/91
f 1464/1953/91 1465/1011/91 1447/934/91 1446/1954/91
f 1179/958/289 1444/1946/289 1511/802/256 660/795/256
f 1444/1946/289 1445/959/289 1510/962/256 1511/802/256
f 740/1014/91 1460/1951/91 1442/1952/91 1188/1013/91
f 1460/1951/91 1461/953/91 1443/956/91 1442/1952/91
f 1176/932/91 1446/1954/91 1462/1945/282 723/931/282
f 1446/1954/91 1447/934/91 1463/937/282 1462/1945/282
f 754/1051/91 1458/1949/91 1440/1950/91 1194/1050/91
f 1458/1949/91 1459/927/91 1441/930/91 1440/1950/91
f 792/830/259 1483/1955/259 1454/371/141 1164/737/141
f 1483/1955/259 1482/808/259 1455/368/141 1454/371/141
f 1302/1645/226 1479/1956/226 1502/1926/215 971/1643/215
f 1479/1956/226 1478/725/226 1503/809/215 1502/1926/215
f 1215/1145/258 1434/1944/258 1483/1955/259 792/830/259
f 1434/1944/258 1435/805/258 1482/808/259 1483/1955/259
f 1301/1642/257 1481/1927/257 1510/962/256 954/961/256
f 1481/1927/257 1480/801/257 1511/802/256 1510/962/256
f 667/730/229 1508/1631/229 1505/1957/230 668/731/230
f 1508/1631/229 1509/797/229 1504/800/230 1505/1957/230
f 1300/1626/91 1489/1958/91 1504/1959/230 962/1628/230
f 1489/1958/91 1488/764/91 1505/769/230 1504/1959/230
f 953/1144/227 1512/1143/227 1491/1960/225 1298/1603/225
f 1512/1143/227 1513/768/227 1490/726/225 1491/1960/225
f 952/1608/91 1524/1915/91 1489/1958/91 1300/1626/91
f 1524/1915/91 1525/762/91 1488/764/91 1489/1958/91
f 1298/1603/225 1491/1960/225 1500/1961/224 972/1604/224
f 1491/1960/225 1490/726/225 1501/723/224 1500/1961/224
f 972/1604/224 1500/1961/224 1479/1956/226 1302/1645/226
f 1500/1961/224 1501/723/224 1478/725/226 1479/1956/226
f 205/341/133 1094/337/133 526/339/78 899/345/78
f 1151/690/136 1538/1962/136 1256/319/89 504/269/89
f 1538/1962/136 1539/349/136 1263/692/89 1256/319/89
f 1114/501/167 1530/1963/167 807/1964/161 577/477/161
f 1530/1963/167 1531/500/167 802/471/161 807/1964/161
f 610/591/91 603/1965/91 1536/1966/91 1135/617/91
f 603/1965/91 588/470/91 1537/586/91 1536/1966/91
f 1388/1199/91 1540/1258/91 242/1396/91 1221/1198/91
f 1540/1258/91 1541/615/91 251/616/91 242/1396/91
f 595/553/91 635/1967/91 1534/1968/91 1129/590/91
f 635/1967/91 618/496/91 1535/467/91 1534/1968/91
f 1135/617/91 1536/1966/91 569/1395/91 625/293/91
f 1536/1966/91 1537/586/91 556/589/91 569/1395/91
f 565/476/91 819/1969/91 1532/1970/91 1123/552/91
f 819/1969/91 808/551/91 1533/493/91 1532/1970/91
f 1111/475/91 1528/1971/91 819/1969/91 565/476/91
f 1528/1971/91 1529/474/91 808/551/91 819/1969/91
f 505/338/134 1246/340/134 1530/1963/167 1114/501/167
f 1246/340/134 1255/497/134 1531/500/167 1530/1963/167
f 1123/552/91 1532/1970/91 635/1967/91 595/553/91
f 1532/1970/91 1533/493/91 618/496/91 635/1967/91
f 577/477/161 807/1964/161 1528/1971/91 1111/475/91
f 807/1964/161 802/471/161 1529/474/91 1528/1971/91
f 1129/590/91 1534/1968/91 603/1965/91 610/591/91
f 1534/1968/91 1535/467/91 588/470/91 603/1965/91
f 1099/283/97 190/626/97 530/1972/135 652/367/135
f 190/626/97 189/372/97 546/346/135 530/1972/135
f 652/367/135 530/1972/135 1538/1962/136 1151/690/136
f 530/1972/135 546/346/135 1539/349/136 1538/1962/136
f 821/779/78 914/778/78 191/1973/90 1229/1256/90
f 914/778/78 899/345/78 199/272/90 191/1973/90
f 810/1190/92 809/1189/93 1223/1572/93 1222/1974/92
f 1222/1974/92 1223/1572/93 1226/343/93 945/342/92
f 799/498/134 1255/497/134 204/777/133 1228/776/133
f 1255/497/134 1246/340/134 205/341/133 204/777/133
f 1220/1175/88 260/1975/88 1263/692/89 798/691/89
f 260/1975/88 264/271/88 1256/319/89 1263/692/89
f 1224/1229/91 810/1231/92 1222/1976/92 222/1977/91
f 222/1977/91 1222/1976/92 945/317/92 229/275/91
f 797/1202/91 1224/1229/91 222/1977/91 1292/1259/91
f 1292/1259/91 222/1977/91 229/275/91 1270/274/91
f 1229/1256/90 191/1973/90 884/1978/87 822/1174/87
f 191/1973/90 199/272/90 875/270/87 884/1978/87
f 822/1174/87 884/1978/87 260/1975/88 1220/1175/88
f 884/1978/87 875/270/87 264/271/88 260/1975/88
f 1451/624/180 263/623/181 921/1876/181 1344/1542/180
f 263/1511/181 1559/1510/182 1279/1515/182 921/1514/181
l 634 627
l 928 1277
l 921 1277
o container_book_Cube.003
v -1.337583 -0.169153 1.000000
v -1.337583 0.000000 1.000000
v -2.712126 0.000000 1.000000
v -2.669388 -0.149515 1.000000
v -1.337583 -0.149515 1.000000
v -2.692870 -0.169153 1.000000
v -2.735607 0.000000 1.000000
v -1.324462 -0.149515 1.026995
v -1.324462 -0.169153 1.026995
v -2.735607 0.000000 1.026995
v -2.712126 0.000000 1.026995
v -2.669388 -0.149515 1.026995
v -2.692870 -0.169153 1.026995
v -2.706359 -0.049838 1.000000
v -2.695294 -0.099677 1.000000
v -2.718775 -0.112769 1.000000
v -2.729841 -0.056384 1.000000
v -2.706359 -0.049838 1.026995
v -2.695294 -0.099677 1.026995
v -1.337583 -0.049838 1.000000
v -1.337583 -0.099677 1.000000
v -2.718775 -0.112769 1.026995
v -2.729841 -0.056384 1.026995
v -2.701643 0.000000 1.000000
v -2.682620 -0.169153 1.026995
v -2.659465 -0.149515 1.026995
v -2.682656 -0.169153 1.000000
v -2.659501 -0.149515 1.000000
v -2.685045 -0.099677 1.000000
v -2.695957 -0.049838 1.000000
v -2.669388 0.149515 1.000000
v -1.337583 0.149515 1.000000
v -2.669388 0.149515 1.026995
v -2.712299 0.126865 -1.026995
v -2.706359 0.049838 1.000000
v -2.695294 0.099677 1.000000
v -2.718775 0.112769 1.000000
v -2.729841 0.056384 1.000000
v -2.706359 0.049838 1.026995
v -2.695294 0.099677 1.026995
v -1.337583 0.049838 1.000000
v -1.337583 0.099677 1.000000
v -2.718775 0.112769 1.026995
v -2.729841 0.056384 1.026995
v -2.509638 0.149515 0.849539
v -2.685045 0.099677 1.000000
v -2.695957 0.049838 1.000000
v -2.682341 0.124596 1.000000
v -2.682341 0.124596 1.026995
v -1.337583 0.124596 1.000000
v -2.705822 0.140961 1.000000
v -2.705822 0.140961 1.026995
v -2.672273 0.124596 1.000000
v -3.678407 1.038732 1.026995
v -3.691391 1.023999 1.026995
v -2.707181 0.143655 1.026995
v -2.674980 0.154392 1.026995
v -2.707131 0.143612 1.000000
v -2.659501 0.149515 1.000000
v -1.487445 0.149515 0.849539
v -1.487445 0.120911 0.849539
v -2.509638 0.120911 0.849539
v -1.354430 0.120911 0.968797
v -2.642654 0.120911 0.968797
v -1.374042 -0.099677 0.949185
v -2.623042 -0.099677 0.949185
v -1.477562 0.149515 0.859462
v -2.519522 0.149515 0.859462
v -2.651019 0.149515 0.991484
v -1.346065 0.149515 0.991484
v -1.354430 -0.089362 0.968797
v -2.642654 -0.089362 0.968797
v -2.642654 0.112500 0.968797
v -1.354430 0.112500 0.968797
v -1.337583 -0.169153 -1.000000
v -1.337583 0.000000 -1.000000
v -2.712126 0.000000 -1.000000
v -2.669388 -0.149515 -1.000000
v -1.337583 -0.149515 -1.000000
v -2.692870 -0.169153 -1.000000
v -2.735607 0.000000 -1.000000
v -1.324462 -0.149515 -1.026995
v -1.324462 -0.169153 -1.026995
v -2.735607 0.000000 -1.026995
v -2.712126 0.000000 -1.026995
v -2.669388 -0.149515 -1.026995
v -2.692870 -0.169153 -1.026995
v -2.706359 -0.049838 -1.000000
v -2.695294 -0.099677 -1.000000
v -2.718775 -0.112769 -1.000000
v -2.729841 -0.056384 -1.000000
v -2.706359 -0.049838 -1.026995
v -2.695294 -0.099677 -1.026995
v -1.337583 -0.049838 -1.000000
v -1.337583 -0.099677 -1.000000
v -2.718775 -0.112769 -1.026995
v -2.729841 -0.056384 -1.026995
v -2.701643 0.000000 -1.000000
v -2.682620 -0.169153 -1.026995
v -2.659465 -0.149515 -1.026995
v -2.682656 -0.169153 -1.000000
v -2.659501 -0.149515 -1.000000
v -2.685045 -0.099677 -1.000000
v -2.695957 -0.049838 -1.000000
v -2.669388 0.149515 -1.000000
v -1.337583 0.149515 -1.000000
v -2.669388 0.149515 -1.026995
v -2.712299 0.126865 -1.000000
v -2.706359 0.049838 -1.000000
v -2.695294 0.099677 -1.000000
v -2.718775 0.112769 -1.000000
v -2.729841 0.056384 -1.000000
v -2.706359 0.049838 -1.026995
v -2.695294 0.099677 -1.026995
v -1.337583 0.049838 -1.000000
v -1.337583 0.099677 -1.000000
v -2.718775 0.112769 -1.026995
v -2.729841 0.056384 -1.026995
v -2.509638 0.149515 -0.849539
v -2.685045 0.099677 -1.000000
v -2.695957 0.049838 -1.000000
v -2.682341 0.124596 -1.000000
v -2.682341 0.124596 -1.026995
v -1.337583 0.124596 -1.000000
v -2.705822 0.140961 -1.000000
v -2.705822 0.140961 -1.026995
v -2.672273 0.124596 -1.000000
v -3.678407 1.038732 -1.026995
v -3.691391 1.023999 -1.026995
v -2.707181 0.143655 -1.026995
v -2.674980 0.154392 -1.026995
v -2.707131 0.143612 -1.000000
v -2.659501 0.149515 -1.000000
v -1.487445 0.149515 -0.849539
v -1.487445 0.120911 -0.849539
v -2.509638 0.120911 -0.849539
v -1.354430 0.120911 -0.968797
v -2.642654 0.120911 -0.968797
v -1.374042 -0.099677 -0.949185
v -2.623042 -0.099677 -0.949185
v -1.477562 0.149515 -0.859462
v -2.519522 0.149515 -0.859462
v -2.651019 0.149515 -0.991484
v -1.346065 0.149515 -0.991484
v -1.354430 -0.089362 -0.968797
v -2.642654 -0.089362 -0.968797
v -2.642654 0.112500 -0.968797
v -1.354430 0.112500 -0.968797
v -3.691391 1.023999 -1.000000
v -3.678407 1.038732 -1.000000
v -3.691391 1.023999 1.000000
v -3.678407 1.038732 1.000000
v -2.674980 0.154392 0.999991
v -2.712299 0.126865 1.026995
v -2.674980 0.154392 -0.999991
v -2.712299 0.126865 1.000000
v -3.037806 0.442172 1.026995
v -3.364599 0.733086 1.026995
v -3.349193 0.748541 1.026995
v -3.019978 0.458349 1.026995
v -3.037806 0.442172 -1.026995
v -3.364599 0.733086 -1.026995
v -3.349193 0.748541 -1.026995
v -3.019978 0.458349 -1.026995
v -3.037681 0.442062 1.000000
v -3.364536 0.733030 1.000000
v -3.349193 0.748541 0.999988
v -3.019978 0.458349 0.999976
v -3.037681 0.442062 -1.000000
v -3.364536 0.733030 -1.000000
v -3.349193 0.748541 -0.999988
v -3.019978 0.458349 -0.999976
v -1.354430 -0.099677 -0.968797
v -1.354430 -0.099677 0.968797
v -2.642654 -0.099677 0.968797
v -2.642654 -0.099677 -0.968797
v -2.671366 0.145709 1.000000
v -2.671366 0.145709 1.026995
v -1.337583 0.145709 1.000000
v -2.661451 0.145709 1.000000
v -2.706812 0.138808 1.000000
v -2.671366 0.145709 -1.000000
v -2.671366 0.145709 -1.026995
v -1.337583 0.145709 -1.000000
v -2.661451 0.145709 -1.000000
v -2.706812 0.138808 1.026995
v -2.706812 0.138808 -1.026995
v -2.706812 0.138808 -1.000000
v -2.674245 -0.140170 1.000000
v -2.674245 -0.140170 1.026995
v -1.337583 -0.140170 1.000000
v -2.697727 -0.158581 1.000000
v -2.697727 -0.158581 1.026995
v -2.664290 -0.140170 1.000000
v -2.674245 -0.140170 -1.000000
v -2.674245 -0.140170 -1.026995
v -1.337583 -0.140170 -1.000000
v -2.697727 -0.158581 -1.000000
v -2.697727 -0.158581 -1.026995
v -2.664290 -0.140170 -1.000000
v -3.681142 1.014875 1.026995
v -3.681142 1.014875 -1.026995
v -3.681140 1.014873 1.000000
v -3.681140 1.014873 -1.000000
v -3.668082 1.029631 1.026995
v -3.668082 1.029631 -1.026995
v -3.668082 1.029631 1.000000
v -3.668082 1.029631 -1.000000
vt 0.718103 0.369151
vt 0.720363 0.371365
vt 0.717850 0.375927
vt 0.716346 0.374185
vt 0.983412 0.002876
vt 0.975228 0.001942
vt 0.975228 0.000221
vt 0.983412 0.001168
vt 0.949077 0.611235
vt 0.950235 0.612020
vt 0.948090 0.615182
vt 0.946928 0.614394
vt 0.228380 0.038956
vt 0.226445 0.038966
vt 0.226430 0.034384
vt 0.228370 0.034393
vt 0.747614 0.014313
vt 0.739277 0.019089
vt 0.736903 0.015457
vt 0.745838 0.010120
vt 0.948079 0.618533
vt 0.949279 0.619348
vt 0.749968 0.018764
vt 0.742014 0.023277
vt 0.766852 0.011605
vt 0.758624 0.014611
vt 0.756594 0.009737
vt 0.765027 0.006737
vt 0.755259 0.004678
vt 0.764213 0.001056
vt 0.255549 0.038931
vt 0.246235 0.038918
vt 0.246245 0.034473
vt 0.255556 0.034496
vt 0.236762 0.038914
vt 0.236773 0.034433
vt 0.998245 0.008076
vt 0.991595 0.004667
vt 0.991595 0.002985
vt 0.998245 0.006441
vt 0.224635 0.038969
vt 0.224678 0.034380
vt 0.967044 0.002876
vt 0.967044 0.001168
vt 0.279892 0.038972
vt 0.279398 0.038971
vt 0.279409 0.034513
vt 0.279908 0.034513
vt 0.731563 0.024802
vt 0.728433 0.021505
vt 0.734685 0.028749
vt 0.723351 0.038491
vt 0.720350 0.034714
vt 0.723877 0.031095
vt 0.727358 0.034959
vt 0.719742 0.028025
vt 0.264861 0.034510
vt 0.264855 0.038944
vt 0.274299 0.034515
vt 0.274296 0.038958
vt 0.954768 0.006765
vt 0.954768 0.005112
vt 0.958860 0.002985
vt 0.958860 0.004667
vt 0.951301 0.008542
vt 0.951301 0.006914
vt 0.502357 0.039160
vt 0.500105 0.039153
vt 0.500116 0.034730
vt 0.502369 0.034737
vt 0.274454 0.367335
vt 0.277004 0.367328
vt 0.277014 0.371776
vt 0.274462 0.371777
vt 0.719666 0.040659
vt 0.718090 0.036929
vt 0.279009 0.038969
vt 0.279018 0.034514
vt 0.643126 0.374543
vt 0.643502 0.370648
vt 0.716836 0.368795
vt 0.715516 0.373624
vt 0.718817 0.365035
vt 0.717803 0.368775
vt 0.717632 0.364952
vt 0.716019 0.032322
vt 0.717790 0.037305
vt 0.716823 0.037285
vt 0.715502 0.032455
vt 0.500191 0.366972
vt 0.500204 0.371393
vt 0.496986 0.371404
vt 0.496973 0.366980
vt 0.983412 0.777397
vt 0.983412 0.779105
vt 0.975228 0.780052
vt 0.975228 0.778331
vt 0.948939 0.009915
vt 0.946036 0.006381
vt 0.947337 0.005315
vt 0.950235 0.008853
vt 0.228545 0.367375
vt 0.228544 0.371940
vt 0.226605 0.371951
vt 0.226610 0.367367
vt 0.747620 0.391758
vt 0.745845 0.395950
vt 0.736912 0.390615
vt 0.739285 0.386985
vt 0.946962 0.001321
vt 0.948306 0.000221
vt 0.749973 0.387308
vt 0.742021 0.382797
vt 0.766853 0.394464
vt 0.765028 0.399331
vt 0.756597 0.396332
vt 0.758627 0.391460
vt 0.764215 0.405010
vt 0.755263 0.401390
vt 0.255712 0.367380
vt 0.255723 0.371814
vt 0.246414 0.371845
vt 0.246400 0.367400
vt 0.236945 0.371891
vt 0.236930 0.367411
vt 0.998245 0.772197
vt 0.998245 0.773832
vt 0.991596 0.777288
vt 0.991596 0.775606
vt 0.224852 0.371959
vt 0.224799 0.367369
vt 0.967044 0.777397
vt 0.967044 0.779105
vt 0.280049 0.367317
vt 0.280070 0.371774
vt 0.279571 0.371775
vt 0.279556 0.367318
vt 0.731573 0.381273
vt 0.728444 0.384570
vt 0.734694 0.377327
vt 0.723362 0.367589
vt 0.727368 0.371120
vt 0.723889 0.374983
vt 0.717836 0.030151
vt 0.719755 0.378052
vt 0.265016 0.367358
vt 0.265026 0.371792
vt 0.954769 0.773508
vt 0.958861 0.775606
vt 0.958861 0.777288
vt 0.954769 0.775162
vt 0.951302 0.771731
vt 0.951302 0.773359
vt 0.276852 0.034515
vt 0.276846 0.038963
vt 0.719678 0.365422
vt 0.279166 0.367320
vt 0.279180 0.371774
vt 0.496886 0.039147
vt 0.496896 0.034720
vt 0.716033 0.373756
vt 0.643090 0.031542
vt 0.643467 0.035438
vt 0.494634 0.039143
vt 0.494645 0.034716
vt 0.718804 0.041047
vt 0.717619 0.041129
vt 0.716332 0.031894
vt 0.494735 0.371409
vt 0.494722 0.366985
vt 0.643440 0.366265
vt 0.643406 0.039822
vt 0.998245 0.225932
vt 0.998245 0.554345
vt 0.991596 0.554345
vt 0.991595 0.225932
vt 0.287701 0.708864
vt 0.287714 0.431381
vt 0.292391 0.431385
vt 0.292376 0.708860
vt 0.265451 0.406287
vt 0.265451 0.732985
vt 0.263552 0.732990
vt 0.263548 0.406287
vt 0.265971 0.728375
vt 0.265975 0.411866
vt 0.233933 0.707991
vt 0.233949 0.431285
vt 0.238611 0.431288
vt 0.238595 0.707987
vt 0.356690 0.406288
vt 0.356696 0.721770
vt 0.354860 0.721774
vt 0.354856 0.406292
vt 0.354406 0.406287
vt 0.354400 0.721767
vt 0.352565 0.721768
vt 0.352571 0.406288
vt 0.240223 0.429672
vt 0.240207 0.709603
vt 0.319718 0.721770
vt 0.319712 0.406288
vt 0.261679 0.408162
vt 0.261683 0.731118
vt 0.315549 0.408169
vt 0.315549 0.732070
vt 0.293993 0.710480
vt 0.294009 0.429764
vt 0.391384 0.406287
vt 0.391378 0.721767
vt 0.389543 0.721768
vt 0.389549 0.406288
vt 0.317882 0.721774
vt 0.317878 0.406292
vt 0.212266 0.727443
vt 0.212277 0.411832
vt 0.317428 0.406287
vt 0.317428 0.733952
vt 0.983412 0.225932
vt 0.983412 0.554345
vt 0.975228 0.554345
vt 0.975228 0.225932
vt 0.967044 0.554345
vt 0.967044 0.225932
vt 0.958861 0.554345
vt 0.958860 0.225932
vt 0.954769 0.554345
vt 0.954768 0.225932
vt 0.789211 0.510631
vt 0.769193 0.147092
vt 0.772803 0.148548
vt 0.792080 0.509137
vt 0.951301 0.225932
vt 0.951302 0.554345
vt 0.950677 0.554345
vt 0.950676 0.225932
vt 0.775582 0.151903
vt 0.794155 0.506137
vt 0.000325 0.372432
vt 0.000221 0.034236
vt 0.002387 0.038679
vt 0.002488 0.367988
vt 0.353246 0.038947
vt 0.353395 0.367278
vt 0.502443 0.366965
vt 0.571920 0.039364
vt 0.571979 0.366738
vt 0.502456 0.371386
vt 0.572001 0.371147
vt 0.353428 0.371713
vt 0.425211 0.367145
vt 0.425234 0.371573
vt 0.353276 0.034512
vt 0.425109 0.034593
vt 0.425089 0.039024
vt 0.502373 0.031512
vt 0.571740 0.031393
vt 0.571941 0.034953
vt 0.502461 0.374610
vt 0.571801 0.374705
vt 0.003441 0.409507
vt 0.208535 0.409507
vt 0.208535 0.721232
vt 0.003441 0.721232
vt 0.528730 0.406287
vt 0.528731 0.617822
vt 0.527349 0.617822
vt 0.527349 0.406287
vt 0.561877 0.406287
vt 0.561877 0.617822
vt 0.488845 0.407679
vt 0.488845 0.621962
vt 0.467166 0.600369
vt 0.467166 0.429272
vt 0.465536 0.598746
vt 0.465537 0.430895
vt 0.441256 0.620588
vt 0.441257 0.409053
vt 0.460840 0.430895
vt 0.460839 0.598746
vt 0.563571 0.406287
vt 0.563571 0.617822
vt 0.490244 0.406287
vt 0.490244 0.623355
vt 0.950677 0.771411
vt 0.490686 0.617822
vt 0.490685 0.406287
vt 0.492067 0.406287
vt 0.492067 0.617822
vt 0.525214 0.406287
vt 0.525214 0.617822
vt 0.417736 0.600367
vt 0.417738 0.429271
vt 0.439416 0.407679
vt 0.439416 0.621962
vt 0.416106 0.598744
vt 0.416108 0.430894
vt 0.411411 0.430894
vt 0.411409 0.598744
vt 0.391825 0.620586
vt 0.391829 0.409052
vt 0.526908 0.406287
vt 0.526907 0.617822
vt 0.440814 0.406287
vt 0.440814 0.623355
vt 0.999779 0.008862
vt 0.999779 0.225932
vt 0.000221 0.724453
vt 0.000221 0.406287
vt 0.211756 0.406287
vt 0.211756 0.724453
vt 0.950676 0.008862
vt 0.950677 0.773035
vt 0.950676 0.007238
vt 0.999779 0.554345
vt 0.999779 0.771411
vt 0.999779 0.773035
vt 0.766974 0.400023
vt 0.766281 0.405845
vt 0.768751 0.395157
vt 0.999779 0.007239
vt 0.766973 0.006044
vt 0.766280 0.000221
vt 0.768751 0.010911
vt 0.500216 0.374607
vt 0.500127 0.031515
vn 0.6274 -0.3261 -0.7071
vn -0.6425 0.2952 -0.7071
vn 0.0000 0.0000 1.0000
vn 0.7312 0.0000 0.6821
vn 0.7084 0.1193 0.6957
vn 0.0000 0.7071 0.7071
vn 0.4125 0.6794 0.6068
vn 0.2780 0.4578 0.8444
vn -0.9087 -0.4175 0.0000
vn -0.5397 -0.8419 0.0000
vn -0.4303 -0.6713 0.6034
vn -0.6425 -0.2952 0.7071
vn 0.6854 0.1154 0.7189
vn 0.6792 0.0000 0.7339
vn -0.7286 0.0000 0.6849
vn -0.7093 -0.1056 0.6969
vn 0.0000 -0.7071 0.7071
vn 0.6274 0.3261 0.7071
vn 0.6899 0.2510 0.6789
vn 0.6345 0.2308 0.7376
vn -0.6965 -0.2248 0.6814
vn -1.0000 0.0000 0.0000
vn -0.9891 -0.1473 0.0000
vn -0.9516 -0.3072 0.0000
vn 0.0000 -1.0000 0.0000
vn 0.7084 -0.1193 0.6957
vn -0.7970 -0.6039 -0.0001
vn -0.9999 -0.0150 -0.0001
vn -0.5742 -0.0092 0.8186
vn -0.5258 -0.3996 0.7509
vn 0.6854 -0.1154 0.7189
vn -0.7093 0.1056 0.6969
vn 0.6274 -0.3261 0.7071
vn 0.6345 -0.2308 0.7376
vn 0.6899 -0.2510 0.6789
vn -0.6965 0.2248 0.6814
vn -0.9891 0.1473 0.0000
vn -0.9516 0.3072 0.0000
vn 0.6612 0.7501 0.0000
vn -0.0629 0.9980 0.0000
vn -0.0514 0.8149 0.5773
vn 0.4675 0.5304 0.7071
vn -0.9087 0.4175 0.0000
vn -0.6965 0.2248 -0.6814
vn -0.6425 0.2952 0.7071
vn -0.4715 -0.5259 -0.7079
vn 0.4675 0.5305 -0.7071
vn 0.4657 0.5313 -0.7077
vn -0.5258 -0.3996 -0.7509
vn 0.6719 0.6244 -0.3983
vn 0.7927 0.1501 -0.5909
vn 0.6592 0.7519 0.0000
vn 0.7927 0.1501 0.5909
vn 0.4657 0.5313 0.7077
vn -0.0514 0.8149 -0.5773
vn -0.8148 -0.0493 -0.5776
vn -0.9982 -0.0605 0.0000
vn 0.0000 0.0000 -1.0000
vn 0.7084 0.1193 -0.6957
vn 0.7312 0.0000 -0.6821
vn 0.0000 0.7071 -0.7071
vn 0.2780 0.4578 -0.8444
vn 0.4125 0.6794 -0.6068
vn -0.6425 -0.2952 -0.7071
vn -0.4303 -0.6713 -0.6034
vn 0.6854 0.1154 -0.7189
vn -0.7093 -0.1056 -0.6969
vn -0.7286 0.0000 -0.6849
vn 0.6792 0.0000 -0.7339
vn 0.0000 -0.7071 -0.7071
vn 0.6274 0.3261 -0.7071
vn 0.6345 0.2308 -0.7376
vn 0.6899 0.2510 -0.6789
vn -0.6965 -0.2248 -0.6814
vn 0.7084 -0.1193 -0.6957
vn -0.7970 -0.6039 0.0001
vn -0.5742 -0.0092 -0.8186
vn -0.9999 -0.0150 0.0001
vn 0.6854 -0.1154 -0.7189
vn -0.7093 0.1056 -0.6969
vn 0.6899 -0.2510 -0.6789
vn 0.6345 -0.2308 -0.7376
vn -0.8148 -0.0493 0.5776
vn -0.4715 -0.5259 0.7079
vn 0.4675 0.5305 0.7071
vn -0.6649 -0.7469 0.0000
vn -0.4702 -0.5281 0.7071
vn 0.6719 0.6244 0.3983
vn -0.4701 -0.5282 -0.7071
vn 0.6612 0.7502 0.0000
vn 0.7071 0.0000 0.7071
vn 0.7071 0.0000 -0.7071
vn -0.3015 -0.9045 0.3015
vn -0.3015 -0.9045 -0.3015
vn -0.3015 0.9045 -0.3015
vn -0.3015 0.9045 0.3015
vn -0.5773 -0.5773 0.5773
vn -0.5773 -0.5773 -0.5773
vn 0.3015 -0.9045 -0.3015
vn 0.3015 -0.9045 0.3015
vn 0.3015 0.9045 0.3015
vn 0.3015 0.9045 -0.3015
vn 0.5773 -0.5773 0.5773
vn 0.5773 -0.5773 -0.5773
vn -0.5773 0.5773 0.5773
vn -0.5773 0.5773 -0.5773
vn -0.7071 0.0000 -0.7071
vn -0.7071 0.0000 0.7071
vn 0.0000 1.0000 0.0000
vn 0.5773 0.5773 -0.5773
vn 0.5773 0.5773 0.5773
vn -0.6675 -0.7446 0.0000
vn 0.4675 0.5304 -0.7071
vn -0.4702 -0.5282 0.7071
usemtl container_book
s 1
f 1758/1979/446 1698/1980/446 1609/1981/447 1762/1982/447
f 1605/1983/448 1599/1984/448 1578/1985/449 1589/1986/450
f 1603/1987/451 1579/1988/452 1587/1989/453 1601/1990/451
f 1767/1991/454 1581/1992/455 1588/1993/456 1768/1994/457
f 1593/1995/458 1586/1996/459 1585/1997/460 1598/1998/461
f 1600/1999/462 1601/1990/451 1587/1989/453 1588/2000/456
f 1589/2001/450 1578/2002/449 1586/1996/459 1593/1995/458
f 1764/2003/463 1590/2004/464 1594/2005/465 1765/2006/463
f 1590/2004/464 1589/2001/450 1593/1995/458 1594/2005/465
f 1765/2006/463 1594/2005/465 1597/2007/466 1768/2008/457
f 1594/2005/465 1593/1995/458 1598/1998/461 1597/2007/466
f 1582/2009/467 1592/2010/468 1598/2011/461 1585/2012/460
f 1592/2010/468 1591/2013/469 1597/2014/466 1598/2011/461
f 1769/2015/448 1604/2016/448 1590/2017/464 1764/2018/463
f 1604/2016/448 1605/1983/448 1589/1986/450 1590/2017/464
f 1581/1992/455 1602/2019/470 1600/2020/462 1588/1993/456
f 1622/2021/448 1610/2022/471 1578/1985/449 1599/1984/448
f 1633/2023/472 1626/2024/473 1627/2025/474 1631/2026/475
f 1614/2027/476 1619/2028/477 1585/1997/460 1586/1996/459
f 1610/2029/471 1614/2027/476 1586/1996/459 1578/2002/449
f 1623/2030/478 1624/2031/478 1615/2032/479 1611/2033/480
f 1611/2033/480 1615/2032/479 1614/2027/476 1610/2029/471
f 1615/2032/479 1618/2034/481 1619/2028/477 1614/2027/476
f 1582/2009/467 1585/2012/460 1619/2035/477 1613/2036/482
f 1613/2036/482 1619/2035/477 1618/2037/481 1612/2038/483
f 1628/2039/448 1623/2040/478 1611/2041/480 1621/2042/448
f 1621/2042/448 1611/2041/480 1610/2022/471 1622/2021/448
f 1755/2043/448 1752/2044/478 1623/2040/478 1628/2039/448
f 1782/2045/484 1727/2046/485 1629/2047/486 1780/2048/487
f 1686/2049/483 1683/2050/488 1609/2051/447 1692/2052/489
f 1752/2053/478 1753/2054/478 1624/2031/478 1623/2030/478
f 1756/2055/488 1761/2056/490 1627/2025/474 1626/2024/473
f 1736/2057/491 1739/2058/492 1706/2059/493 1705/2060/494
f 1680/2061/495 1682/2062/496 1706/2059/493 1730/2063/497
f 1627/2064/474 1608/2065/498 1632/2066/499 1631/2067/475
f 1725/2068/485 1703/2069/500 1704/2070/501 1724/2071/502
f 1679/2072/503 1663/2073/504 1652/2074/505 1673/2075/503
f 1677/2076/506 1675/2077/506 1661/2078/507 1653/2079/508
f 1773/2080/454 1774/2081/509 1662/2082/510 1655/2083/455
f 1667/2084/511 1672/2085/512 1659/2086/513 1660/2087/514
f 1674/2088/515 1662/2089/510 1661/2078/507 1675/2077/506
f 1663/2090/504 1667/2084/511 1660/2087/514 1652/2091/505
f 1770/2092/516 1771/2093/516 1668/2094/517 1664/2095/518
f 1664/2095/518 1668/2094/517 1667/2084/511 1663/2090/504
f 1771/2093/516 1774/2096/509 1671/2097/519 1668/2094/517
f 1668/2094/517 1671/2097/519 1672/2085/512 1667/2084/511
f 1656/2098/467 1659/2099/513 1672/2100/512 1666/2101/468
f 1666/2101/468 1672/2100/512 1671/2102/519 1665/2103/469
f 1775/2104/503 1770/2105/516 1664/2106/518 1678/2107/503
f 1678/2107/503 1664/2106/518 1663/2073/504 1679/2072/503
f 1655/2083/455 1662/2082/510 1674/2108/515 1676/2109/470
f 1696/2110/503 1673/2075/503 1652/2074/505 1684/2111/520
f 1707/2112/521 1705/2113/494 1701/2114/522 1700/2115/523
f 1688/2116/524 1660/2087/514 1659/2086/513 1693/2117/525
f 1684/2118/520 1652/2091/505 1660/2087/514 1688/2116/524
f 1697/2119/446 1685/2120/526 1689/2121/527 1698/1980/446
f 1685/2120/526 1684/2118/520 1688/2116/524 1689/2121/527
f 1624/2031/478 1729/2122/490 1618/2034/481 1615/2032/479
f 1689/2121/527 1688/2116/524 1693/2117/525 1692/2123/489
f 1656/2098/467 1687/2124/482 1693/2125/525 1659/2099/513
f 1687/2124/482 1686/2049/483 1692/2052/489 1693/2125/525
f 1702/2126/503 1695/2127/503 1685/2128/526 1697/2129/446
f 1695/2127/503 1696/2110/503 1684/2111/520 1685/2128/526
f 1760/2130/503 1702/2126/503 1697/2129/446 1757/2131/446
f 1612/2038/483 1618/2037/481 1729/2132/490 1731/2133/488
f 1757/2134/446 1697/2119/446 1698/1980/446 1758/1979/446
f 1763/2135/488 1700/2115/523 1701/2114/522 1762/2136/447
f 1629/2047/486 1727/2046/485 1726/2137/502 1630/2138/528
f 1701/2139/522 1705/2060/494 1706/2059/493 1682/2062/496
f 1732/2140/529 1631/2067/475 1632/2066/499 1735/2141/530
f 1778/2142/531 1776/2143/532 1630/2138/528 1726/2137/502
f 1608/2065/498 1606/2144/533 1728/2145/497 1632/2066/499
f 1753/2054/478 1761/2146/490 1729/2122/490 1624/2031/478
f 1777/2147/534 1779/2148/531 1724/2071/502 1704/2070/501
f 1739/2058/492 1747/2149/535 1730/2063/497 1706/2059/493
f 1698/1980/446 1689/2121/527 1692/2123/489 1609/1981/447
f 1606/2144/533 1680/2061/495 1730/2063/497 1728/2145/497
f 1743/2150/535 1728/2145/497 1730/2063/497 1747/2149/535
f 1727/2046/485 1725/2068/485 1724/2071/502 1726/2137/502
f 1766/2151/536 1772/2152/537 1670/2153/537 1596/2154/536
f 1710/2155/538 1636/2156/539 1635/2157/540 1709/2158/541
f 1680/2159/495 1606/2160/533 1634/2161/451 1708/2162/506
f 1712/2163/542 1638/2164/543 1636/2156/539 1710/2155/538
f 1637/2165/544 1711/2166/545 1694/2167/546 1620/2168/547
f 1648/2169/537 1722/2170/536 1713/2171/548 1639/2172/549
f 1748/2173/550 1749/2174/551 1646/2175/552 1720/2176/553
f 1717/2177/554 1643/2178/554 1620/2168/547 1694/2167/546
f 1720/2176/553 1646/2175/552 1649/2179/552 1723/2180/553
f 1718/2181/554 1644/2182/554 1643/2178/554 1717/2177/554
f 1645/2183/554 1719/2184/554 1716/2185/554 1642/2186/554
f 1642/2186/554 1716/2185/554 1709/2158/541 1635/2157/540
f 1708/2162/506 1634/2161/451 1644/2182/554 1718/2181/554
f 1750/2187/555 1751/2188/556 1721/2189/536 1647/2190/537
f 1647/2190/537 1721/2189/536 1722/2170/536 1648/2169/537
f 1723/2180/553 1649/2179/552 1638/2191/543 1712/2192/542
f 1639/2193/549 1713/2194/548 1711/2166/545 1637/2165/544
f 1778/2142/531 1726/2137/502 1724/2071/502 1779/2148/531
f 1773/2080/454 1767/1991/454 1591/2013/469 1665/2103/469
f 1656/2098/467 1582/2009/467 1613/2036/482 1687/2124/482
f 1763/2135/488 1756/2055/488 1626/2024/473 1700/2115/523
f 1687/2124/482 1613/2036/482 1612/2038/483 1686/2049/483
f 1665/2103/469 1591/2013/469 1592/2010/468 1666/2101/468
f 1666/2101/468 1592/2010/468 1582/2009/467 1656/2098/467
f 1607/2195/556 1681/2196/555 1719/2184/554 1645/2183/554
f 1700/2115/523 1626/2024/473 1633/2023/472 1707/2112/521
f 1595/2197/536 1669/2198/537 1651/2199/537 1577/2200/536
f 1596/2154/536 1670/2153/537 1669/2198/537 1595/2197/536
f 1577/2200/536 1651/2199/537 1690/2201/537 1616/2202/536
f 1616/2202/536 1690/2201/537 1691/2203/537 1617/2204/536
f 1617/2204/536 1691/2203/537 1699/2205/537 1625/2206/536
f 1686/2049/483 1612/2038/483 1731/2133/488 1683/2050/488
f 1581/1992/455 1655/2083/455 1676/2109/470 1602/2019/470
f 1584/2207/548 1658/2208/549 1657/2209/555 1583/2210/556
f 1754/2211/536 1759/2212/537 1681/2213/555 1607/2214/556
f 1583/2210/556 1657/2209/555 1654/2215/547 1580/2216/546
f 1658/2217/549 1584/2218/548 1576/2219/470 1650/2220/470
f 1707/2112/521 1633/2023/472 1740/2221/557 1744/2222/557
f 1783/2223/484 1782/2045/484 1742/2224/484 1746/2225/484
f 1781/2226/558 1783/2223/484 1746/2225/484 1738/2227/558
f 1738/2227/558 1746/2225/484 1747/2149/535 1739/2058/492
f 1705/2113/494 1707/2112/521 1744/2222/557 1736/2228/491
f 1736/2228/491 1744/2222/557 1745/2229/531 1737/2230/534
f 1746/2225/484 1742/2224/484 1743/2150/535 1747/2149/535
f 1633/2023/472 1631/2026/475 1732/2231/529 1740/2221/557
f 1740/2221/557 1732/2231/529 1733/2232/559 1741/2233/531
f 1776/2234/532 1733/2235/559 1734/2236/487 1780/2048/487
f 1733/2235/559 1732/2140/529 1735/2141/530 1734/2236/487
f 1744/2222/557 1740/2221/557 1741/2233/531 1745/2229/531
f 1777/2237/534 1781/2226/558 1738/2227/558 1737/2238/534
f 1737/2238/534 1738/2227/558 1739/2058/492 1736/2057/491
f 1728/2145/497 1743/2150/535 1735/2141/530 1632/2066/499
f 1743/2150/535 1742/2224/484 1734/2236/487 1735/2141/530
f 1676/2109/470 1650/2220/470 1576/2219/470 1602/2019/470
f 1714/2239/554 1715/2240/554 1641/2241/554 1640/2242/554
f 1722/2243/536 1723/2244/553 1712/2245/542 1713/2246/548
f 1721/2247/536 1720/2248/553 1723/2244/553 1722/2243/536
f 1719/2249/554 1718/2250/554 1717/2251/554 1716/2252/554
f 1716/2252/554 1717/2251/554 1694/2253/546 1709/2254/541
f 1713/2255/548 1712/2256/542 1710/2257/538 1711/2258/545
f 1751/2259/556 1748/2260/550 1720/2248/553 1721/2247/536
f 1711/2258/545 1710/2257/538 1709/2254/541 1694/2253/546
f 1681/2261/555 1708/2262/506 1718/2250/554 1719/2249/554
f 1759/2212/537 1760/2130/503 1708/2263/506 1681/2213/555
f 1651/2199/537 1673/2075/503 1696/2110/503 1690/2201/537
f 1691/2203/537 1695/2127/503 1702/2126/503 1699/2205/537
f 1690/2201/537 1696/2110/503 1695/2127/503 1691/2203/537
f 1669/2198/537 1679/2072/503 1673/2075/503 1651/2199/537
f 1657/2209/555 1675/2077/506 1677/2076/506 1654/2215/547
f 1658/2208/549 1674/2088/515 1675/2077/506 1657/2209/555
f 1772/2152/537 1775/2104/503 1678/2107/503 1670/2153/537
f 1670/2153/537 1678/2107/503 1679/2072/503 1669/2198/537
f 1674/2108/515 1658/2217/549 1650/2220/470 1676/2109/470
f 1639/2264/549 1638/2265/543 1649/2266/552 1648/2267/537
f 1648/2267/537 1649/2266/552 1646/2268/552 1647/2269/537
f 1642/2270/554 1643/2271/554 1644/2272/554 1645/2273/554
f 1635/2274/540 1620/2275/547 1643/2271/554 1642/2270/554
f 1637/2276/544 1636/2277/539 1638/2278/543 1639/2279/549
f 1647/2269/537 1646/2268/552 1749/2280/551 1750/2281/555
f 1620/2275/547 1635/2274/540 1636/2277/539 1637/2276/544
f 1645/2273/554 1644/2272/554 1634/2282/451 1607/2283/556
f 1754/2211/536 1755/2043/448 1628/2039/448 1625/2206/536
f 1616/2202/536 1622/2021/448 1599/1984/448 1577/2200/536
f 1625/2206/536 1628/2039/448 1621/2042/448 1617/2204/536
f 1617/2204/536 1621/2042/448 1622/2021/448 1616/2202/536
f 1577/2200/536 1599/1984/448 1605/1983/448 1595/2197/536
f 1580/2216/546 1603/1987/451 1601/1990/451 1583/2210/556
f 1583/2210/556 1601/1990/451 1600/1999/462 1584/2207/548
f 1766/2151/536 1769/2015/448 1603/2284/451 1580/2285/546
f 1595/2197/536 1605/1983/448 1604/2016/448 1596/2154/536
f 1602/2019/470 1576/2219/470 1584/2218/548 1600/2020/462
f 1714/2239/554 1640/2242/554 1749/2286/551 1748/2287/550
f 1641/2241/554 1715/2240/554 1751/2288/556 1750/2289/555
f 1640/2242/554 1641/2241/554 1750/2289/555 1749/2286/551
f 1715/2240/554 1714/2239/554 1748/2287/550 1751/2288/556
f 1607/2214/556 1634/2290/451 1755/2043/448 1754/2211/536
f 1699/2205/537 1702/2126/503 1760/2130/503 1759/2212/537
f 1625/2206/536 1699/2205/537 1759/2212/537 1754/2211/536
f 1683/2050/488 1731/2133/488 1756/2055/488 1763/2135/488
f 1608/2065/498 1627/2064/474 1761/2146/490 1753/2054/478
f 1683/2050/488 1763/2135/488 1762/2136/447 1609/2051/447
f 1680/2061/495 1757/2134/446 1758/1979/446 1682/2062/496
f 1708/2263/506 1760/2130/503 1757/2131/446 1680/2291/495
f 1731/2133/488 1729/2132/490 1761/2056/490 1756/2055/488
f 1606/2144/533 1608/2065/498 1753/2054/478 1752/2053/478
f 1634/2290/451 1606/2292/533 1752/2044/478 1755/2043/448
f 1682/2062/496 1758/1979/446 1762/1982/447 1701/2139/522
f 1596/2154/536 1604/2016/448 1769/2015/448 1766/2151/536
f 1654/2293/547 1677/2294/506 1775/2104/503 1772/2152/537
f 1655/2083/455 1581/1992/455 1767/1991/454 1773/2080/454
f 1580/2285/546 1654/2293/547 1772/2152/537 1766/2151/536
f 1677/2294/506 1653/2295/508 1770/2105/516 1775/2104/503
f 1661/2296/507 1662/2297/510 1774/2096/509 1771/2093/516
f 1653/2298/508 1661/2296/507 1771/2093/516 1770/2092/516
f 1665/2103/469 1671/2102/519 1774/2081/509 1773/2080/454
f 1603/2284/451 1769/2015/448 1764/2018/463 1579/2299/452
f 1587/2300/453 1765/2006/463 1768/2008/457 1588/2301/456
f 1579/2302/452 1764/2003/463 1765/2006/463 1587/2300/453
f 1591/2013/469 1767/1991/454 1768/1994/457 1597/2014/466
f 1704/2303/501 1703/2069/500 1781/2226/558 1777/2237/534
f 1630/2304/528 1776/2234/532 1780/2048/487 1629/2047/486
f 1703/2069/500 1725/2068/485 1783/2223/484 1781/2226/558
f 1725/2068/485 1727/2046/485 1782/2045/484 1783/2223/484
f 1741/2233/531 1778/2142/531 1779/2148/531 1745/2229/531
f 1737/2230/534 1745/2229/531 1779/2148/531 1777/2147/534
f 1741/2233/531 1733/2232/559 1776/2143/532 1778/2142/531
f 1742/2224/484 1782/2045/484 1780/2048/487 1734/2236/487
